955000,1299,2,2,1
822000,949,2,2,1
594800,549,1,1,1
650000,549,1,1,1
435000,249,0,1,1
519900,549,1,1,1
873000,949,2,2,1
625000,749,1,1,1
440000,649,1,1,1
630000,649,1,1,1
703880,549,1,1,1
679000,649,1,1,1
603600,649,1,1,1
635000,749,1,1,1
715000,849,2,1,1
960000,1199,1,2,1
780000,1099,1,2,1
517000,649,1,1,1
484000,249,0,1,1
2850000,2624,2,3,1
596000,649,1,1,1
532000,649,1,1,1
425000,549,0,1,1
625000,549,1,1,1
675000,649,1,1,1
920000,849,2,2,1
673800,549,1,1,1
728000,749,1,2,1
308000,249,0,1,1
1100000,1499,2,2,1
525000,549,1,1,1
885000,849,2,2,1
951600,849,2,2,1
570000,849,1,1,1
1250000,1299,2,2,1
690000,649,1,1,1
440000,249,1,1,1
827000,749,2,2,1
665000,749,1,2,1
660000,949,1,2,1
846300,749,2,2,1
625000,749,1,1,1
1565000,1099,1,2,1
652000,749,1,2,1
827000,749,2,2,1
790000,849,2,2,1
838000,949,2,2,1
620000,549,1,1,0
780000,549,1,1,1
1090000,849,2,2,1
645000,649,1,1,1
760000,749,1,2,1
643000,649,1,1,1
1920000,2124,2,2,1
573800,649,1,1,1
652000,549,1,1,1
494500,549,1,1,1
5000,0,0,0,1
1090000,949,2,2,1
548000,249,1,1,1
610000,649,1,1,1
650000,549,1,1,1
725000,949,1,2,1
1200000,849,2,2,1
355000,249,0,1,1
1705000,1299,1,2,1
680000,849,1,1,1
880000,649,1,1,1
483000,249,0,1,1
35000,0,0,0,1
525000,749,1,1,1
940000,849,3,2,1
422000,249,0,1,1
636000,749,1,1,1
930000,949,2,2,1
532000,649,1,1,1
1850000,2124,2,2,1
584000,649,1,1,1
850000,649,1,1,1
590000,849,1,2,1
673000,649,1,1,1
575000,749,1,1,1
851600,749,2,2,1
625000,249,1,1,1
1030000,1099,2,2,1
596000,549,1,1,1
1574000,1499,2,2,1
2215000,2124,2,2,1
394500,249,0,1,1
575000,749,1,1,1
483000,249,0,1,1
795000,549,1,1,1
947000,749,2,1,1
775000,749,2,2,0
600000,549,1,1,1
522558,549,1,1,1
625000,549,1,1,1
1505000,1499,2,2,1
515000,649,1,1,1
535000,849,1,1,1
482000,249,0,1,0
636800,549,1,1,1
635000,549,1,1,0
1208000,1299,3,2,1
850000,849,2,2,1
960000,849,2,2,1
750000,849,2,2,1
605000,549,1,1,1
830000,849,2,2,1
1275000,849,2,2,1
440000,249,0,1,0
2268000,1899,2,3,1
673900,549,1,1,1
880000,749,2,2,1
575000,649,1,1,0
3200000,2374,2,3,1
620000,549,1,1,0
617000,549,1,1,0
614500,649,2,1,1
662500,649,1,1,1
885000,649,1,1,1
735000,649,1,1,1
600000,649,1,1,0
465000,549,1,1,0
1188000,1299,2,2,1
710000,549,1,1,1
880000,849,2,2,1
1375000,1299,2,2,1
1910000,1699,2,3,1
1215000,949,2,2,1
546000,549,1,1,0
980000,849,2,2,1
590000,849,1,1,1
748900,649,2,1,0
690000,549,1,1,1
575000,649,1,1,1
2045000,1699,2,3,1
448000,249,0,1,0
615000,549,1,1,0
2090000,1699,2,3,1
735000,549,1,1,0
619900,0,1,1,1
581600,849,1,1,0
608000,249,1,1,0
858000,649,1,1,1
445000,549,1,1,0
552000,549,0,1,1
730000,849,1,2,0
630000,849,1,2,0
536000,249,0,1,0
966000,849,2,2,1
625000,749,1,1,0
545000,549,1,1,0
597000,749,1,1,0
1875000,1699,2,3,1
677000,649,1,1,0
690000,749,2,2,0
835000,749,3,1,1
1250000,1499,2,2,1
943000,949,2,2,1
769000,749,1,1,1
1280000,1299,3,2,1
570000,649,1,1,1
1310000,1699,2,2,2
1350000,1299,3,2,20
980000,849,1,1,1
1153900,849,2,2,1
848000,849,1,2,1
1195000,1099,2,2,1
812800,749,1,2,1
570000,649,1,1,1
578000,549,1,1,1
687000,549,1,1,1
690000,649,1,1,0
2000000,1499,2,2,1
1005000,949,2,2,1
662000,549,1,1,0
835000,749,2,2,1
617000,749,1,1,1
1070000,849,2,2,1
782880,549,1,1,1
650000,549,1,1,0
555000,249,1,1,0
881000,849,2,2,0
980000,1299,2,2,1
926800,849,2,2,1
722000,649,1,1,0
738000,549,1,1,0
1328000,849,2,2,1
780000,1099,2,2,1
839500,749,2,2,1
945000,749,2,2,1
766000,749,2,2,1
676000,649,1,1,0
540000,549,1,1,1
2475000,2374,2,3,1
833000,749,1,2,1
571888,749,1,1,0
844000,749,2,2,1
959000,749,2,2,1
838000,1099,1,2,1
915000,849,2,2,1
2195000,2374,2,2,1
550000,649,1,1,1
1255000,1099,3,2,1
622000,549,1,1,0
461000,249,0,1,0
641000,549,1,1,0
635000,649,1,1,0
880000,649,1,1,0
960000,749,2,2,0
845000,749,2,2,1
711680,649,1,1,1
695000,649,1,1,1
945000,849,2,2,1
585000,749,1,2,1
712500,549,1,1,0
840000,849,2,2,1
1100000,849,2,2,1
1699900,1299,3,2,1
620000,549,1,1,0
746000,1099,2,2,0
584000,649,1,1,0
2750000,1899,2,3,2
708000,749,1,1,1
653900,649,1,1,0
1680000,1499,1,2,1
830000,749,1,2,1
729000,749,1,2,1
2250000,2374,2,3,1
829000,749,2,1,0
838000,849,2,2,1
651800,649,1,1,1
635000,649,1,1,0
552000,549,1,1,1
1300000,1099,1,2,1
988000,749,2,2,1
593000,649,1,1,0
1250000,849,2,2,1
560000,249,1,1,0
845000,1299,2,2,2
499999,249,1,1,0
620000,549,1,1,0
588000,549,1,1,0
525000,749,1,1,0
858000,749,1,2,1
605000,649,1,1,1
880000,849,2,2,1
736300,649,2,1,0
865000,649,1,1,0
565000,249,1,1,0
650000,749,1,1,1
900000,949,2,2,1
716000,1099,2,2,0
660000,549,1,1,0
620500,749,1,1,0
1001000,949,2,2,1
567000,649,1,1,0
2330000,2124,2,2,1
732000,649,2,1,0
555000,249,1,1,0
733000,1099,1,2,1
475500,549,1,1,0
722125,1099,1,2,1
542000,549,1,1,0
950000,749,2,2,1
650000,549,1,1,0
610000,249,1,1,0
595000,549,1,1,0
545000,549,0,1,0
618000,549,1,1,0
512000,549,0,1,0
554750,749,1,1,1
1310000,1099,1,2,1
750000,649,1,1,1
882000,1099,2,2,1
645000,549,1,1,0
905000,649,1,1,1
640000,649,1,1,1
1000000,1099,2,2,1
1295000,1099,1,2,1
505000,549,1,1,0
745000,1099,2,2,1
1080000,1099,2,2,1
370000,249,0,1,0
710000,749,1,2,1
750000,649,1,1,1
492500,249,0,1,0
745000,549,1,1,0
685000,549,1,1,0
560000,549,1,1,0
595000,549,1,1,0
631000,549,1,1,1
750000,649,2,1,1
794000,1099,2,2,1
675000,649,1,1,0
750000,849,2,1,1
976500,849,2,2,1
1330000,1099,1,2,1
795000,749,2,2,1
713500,749,1,2,1
590000,549,1,1,1
1999000,1699,2,3,1
398500,249,0,1,0
463000,249,0,1,0
616000,249,1,1,0
880000,1099,1,2,1
650000,549,1,1,0
670000,649,1,1,0
730000,649,1,1,1
425000,249,0,1,0
760000,649,1,1,1
785000,849,2,2,1
741000,549,1,1,0
550000,549,1,1,0
555000,749,1,1,0
877000,849,2,2,1
680000,749,1,1,0
590000,649,1,1,1
826300,1099,2,2,1
1125000,1499,2,2,1
635000,649,1,1,1
605000,249,0,1,0
610000,649,1,1,0
1635000,1499,2,3,1
1080000,749,2,2,1
562000,249,1,1,0
1180000,1299,2,2,1
910000,649,1,1,1
806000,649,1,1,0
765000,749,1,1,1
680000,649,2,1,0
625000,849,1,1,1
495000,249,0,1,0
464900,549,1,1,0
3399999,2624,3,4,2
1500000,1099,1,2,1
440000,249,0,1,0
650000,649,1,2,1
643800,549,1,1,0
895000,649,1,1,1
718000,1099,2,2,0
1550000,1299,2,3,1
968000,849,2,2,1
775000,749,1,2,1
376000,249,1,1,0
785000,749,1,1,1
709000,649,1,1,0
910000,849,2,2,1
515000,549,1,1,0
2600000,2124,2,3,1
617000,849,1,1,0
679000,649,1,1,0
600000,549,1,1,0
796000,549,1,1,0
625000,549,1,1,0
484888,549,1,1,0
855000,849,2,2,1
601175,649,1,2,1
928000,849,2,2,1
724000,749,2,2,1
770000,749,2,2,0
571000,649,1,1,0
965000,1099,2,2,1
956000,749,2,2,1
528000,849,1,1,0
715000,649,1,1,0
1100000,1899,3,2,1
630000,549,1,1,0
846200,749,2,2,1
574000,549,1,1,0
670000,649,1,1,0
738800,549,1,1,0
850000,1299,1,2,1
467100,249,0,1,0
706000,549,1,1,1
635000,549,1,1,0
405000,249,1,1,0
752000,749,1,2,1
733000,749,1,2,1
818000,1099,2,2,1
648888,549,1,1,0
555000,649,1,1,0
1325000,1699,3,4,1
960000,849,1,1,1
680000,649,1,1,0
939000,849,2,2,1
351000,249,1,1,0
880800,849,2,2,1
852800,749,2,2,1
837000,749,2,2,1
627000,749,1,1,0
670000,649,1,1,0
830000,749,2,2,0
1230000,1099,2,2,1
925000,849,2,2,1
1348000,1099,1,2,1
775000,1099,2,2,1
650000,549,1,1,1
700000,1099,2,2,1
600000,549,1,1,0
633500,749,1,1,0
408000,249,1,1,0
723000,649,1,2,0
635000,249,1,1,0
655000,549,1,1,0
612000,749,1,2,1
925000,1099,2,2,1
745000,649,1,1,0
445000,249,0,1,1
600000,649,1,1,0
1456000,1499,2,3,1
858000,849,2,2,1
633000,549,1,1,0
563800,249,1,1,0
1237500,849,1,1,1
788000,749,1,2,0
400000,549,1,1,0
1065000,749,2,2,1
640000,549,1,1,1
620888,549,1,1,0
590000,649,1,1,1
487000,249,0,1,0
750000,549,1,1,0
467000,249,0,1,0
589000,749,1,1,2
866800,749,2,2,1
738000,649,1,2,0
755000,749,1,2,1
1065000,849,1,1,1
525000,649,1,1,0
580000,649,1,1,1
1035000,1099,2,2,1
2140000,1699,2,3,1
735000,749,1,2,1
635000,649,1,1,0
2050000,1499,2,2,2
928000,849,2,2,1
934000,849,2,2,1
635000,549,1,1,0
680000,1099,1,1,1
752688,949,2,2,1
589000,749,1,1,0
572500,649,1,1,0
670000,649,1,1,0
670000,549,1,1,0
1388000,1499,2,3,1
830000,749,2,2,1
740000,749,1,2,1
750000,549,1,1,0
965000,849,2,2,1
1450000,1499,2,3,1
618000,249,1,1,0
545000,249,0,1,0
510000,249,0,1,0
748800,649,2,1,0
1550000,1499,1,2,1
545000,549,1,1,0
510000,249,0,1,0
1330000,849,2,2,1
1028000,849,2,2,1
570000,549,1,1,0
585000,549,1,1,1
590000,649,1,1,0
667500,849,1,2,1
388000,249,0,1,0
870000,1299,2,2,1
535000,649,1,1,1
475000,249,0,1,0
735000,949,2,1,1
698000,749,1,1,0
960000,849,2,2,1
1100000,949,2,3,1
1612000,1499,2,3,1
799000,1099,2,2,1
600000,249,1,1,0
760000,549,1,1,0
727000,649,1,1,1
650000,649,1,1,1
941000,749,2,2,1
655000,249,1,1,0
1200000,1899,3,2,1
885000,849,2,2,1
585000,249,1,1,0
1210000,749,2,2,1
775000,749,2,2,0
633000,549,1,1,0
688000,549,1,1,0
2168000,1699,2,3,1
699899,949,2,2,0
606000,249,1,1,0
939900,1099,2,2,1
710000,549,1,1,0
608000,749,1,2,0
640000,549,1,1,0
1599900,1499,2,2,1
660000,649,1,1,0
755000,1099,2,2,1
468000,249,0,1,0
920000,649,1,1,1
575000,249,1,1,0
949000,749,2,2,1
615000,649,1,1,1
650000,549,1,1,0
760000,949,2,2,1
950000,849,2,2,1
615000,549,1,1,0
750000,549,1,1,0
658000,549,1,1,0
746000,649,1,1,1
813000,749,2,2,1
762800,849,2,2,1
3750000,1899,2,3,2
535800,549,0,1,0
651800,749,1,1,1
632000,549,1,1,0
635000,549,1,1,0
595000,249,1,1,0
1250000,1099,2,2,1
719000,549,1,1,0
579000,649,1,1,1
682500,649,1,1,0
868000,649,1,1,1
743000,549,1,1,0
759000,949,2,2,1
499000,249,0,1,0
1375000,949,2,2,1
648800,649,1,1,0
577000,549,1,1,0
2766000,1899,2,3,2
740000,849,2,2,1
825000,1099,2,2,1
940000,1099,2,2,1
680000,549,1,1,1
985000,949,2,2,0
505000,249,0,1,0
680000,749,1,1,1
755000,949,2,2,1
768000,649,1,1,0
620000,549,1,1,0
748000,549,1,1,0
564000,549,1,1,0
565000,749,1,1,1
720000,649,1,1,1
562000,249,1,1,1
899800,849,2,2,1
529000,549,1,1,0
475000,549,1,1,0
880000,849,2,2,1
2750000,2874,2,3,2
1127500,1099,2,2,1
737000,649,1,1,0
508000,249,0,1,0
2295000,2124,2,3,1
850000,749,1,1,1
880000,1099,2,2,1
912000,849,2,2,1
1960000,2374,3,3,2
512000,549,1,1,1
695000,549,1,1,0
560000,549,1,1,1
1130000,849,3,2,1
708000,749,1,1,1
1510000,1299,1,2,1
778000,749,2,2,0
826000,749,1,2,1
622000,849,1,1,0
785000,849,2,2,1
642500,549,1,1,0
599900,749,1,1,0
688555,749,1,1,1
480000,249,1,1,0
2050000,1899,2,2,1
538000,549,1,1,1
1520000,1899,3,3,1
1973000,1499,2,3,1
688888,749,1,1,0
623000,249,1,1,0
646888,749,1,1,1
650000,649,1,1,1
800000,649,1,1,0
904660,949,2,2,1
2240000,1499,1,2,2
4888000,4124,2,4,2
720000,749,1,2,1
536000,249,0,1,0
565000,549,1,1,0
785000,849,2,2,0
1030000,849,2,2,1
790000,749,2,2,1
737000,649,1,1,1
632000,649,1,1,0
558000,749,1,1,0
680000,549,1,1,0
648168,849,1,1,1
682902,549,1,1,1
1240000,1099,2,3,1
745000,749,1,1,1
782000,949,2,2,1
718000,649,1,1,1
740000,649,1,1,1
722500,549,1,1,0
450000,249,0,1,0
915000,1099,2,2,1
880000,749,2,2,1
699000,749,1,1,1
805000,849,2,2,1
804000,849,2,2,1
817000,949,2,2,1
1265000,1499,3,2,1
568000,549,1,1,0
647000,849,1,2,0
401000,249,1,1,0
640000,649,1,1,0
568800,549,1,1,0
875000,849,2,2,1
610000,249,1,1,0
695000,549,1,1,0
600000,649,1,1,0
615000,749,1,1,0
508500,549,1,1,0
595000,649,1,1,1
603000,749,1,1,1
1975000,1699,2,3,1
900000,1299,2,2,1
1325000,849,2,2,1
570000,649,1,1,0
1360000,1299,1,2,1
543000,649,1,1,0
1250000,849,2,2,1
1650000,1499,1,2,1
532519,249,0,1,0
855000,749,1,2,1
410000,249,0,1,0
610000,649,1,1,1
1099500,1499,2,2,1
567000,649,1,1,1
703000,749,1,2,1
2750000,4124,4,4,4
809000,1099,2,2,1
1100000,949,2,2,1
1076000,1099,2,2,1
658000,649,1,1,1
682000,649,1,1,1
830000,949,2,2,1
910000,849,2,2,1
756000,749,1,2,0
720000,949,1,2,1
475000,249,0,1,0
995000,1299,2,2,1
905000,949,2,2,1
691500,549,1,1,0
1138000,849,2,2,1
635000,749,1,1,0
780000,749,2,1,0
1095000,849,2,2,1
1213000,849,1,1,1
780000,1099,2,2,1
825000,1299,2,2,1
720000,849,2,2,1
755000,1699,3,2,1
520000,649,1,1,1
720000,949,3,2,1
645000,849,2,2,1
720000,1099,2,2,1
775000,1099,2,2,1
585000,749,1,1,1
370000,249,0,1,0
835000,1099,2,2,1
783000,1499,2,2,1
720000,1099,2,2,1
765000,1299,2,2,1
855000,949,1,2,1
672000,849,2,2,1
800000,1299,2,2,1
921000,1299,2,2,1
635000,1099,2,2,1
807000,1099,2,2,1
666000,1099,2,2,1
792000,1299,2,2,1
699880,1099,2,2,1
735000,849,2,2,1
701000,749,1,1,1
900000,1299,2,2,1
516000,549,0,1,0
525000,549,1,1,1
570000,649,1,1,1
930000,1299,2,2,1
495000,549,1,1,0
650000,749,2,1,1
979000,1099,2,2,1
730000,1099,2,2,1
2005000,2374,3,3,2
1350000,1499,2,2,1
693000,849,2,2,1
580000,649,1,1,1
890000,1299,2,2,1
669000,749,1,1,1
488800,749,1,1,1
618000,749,1,2,1
869000,949,2,2,1
680000,649,1,1,1
739000,849,1,1,1
425500,249,1,1,1
679000,649,2,1,1
935000,949,2,2,1
1022000,1099,3,2,1
384000,249,0,1,1
680000,1099,2,2,1
600000,549,1,1,1
765000,1099,1,2,1
495000,649,1,1,1
1010000,1699,3,2,1
706000,749,1,1,1
1165000,1099,2,2,1
1700000,2124,3,3,1
618000,649,1,1,1
630000,849,2,1,1
422000,249,1,1,1
915000,1299,2,2,1
730000,949,2,2,1
651000,649,1,1,0
547900,649,1,1,0
691200,749,1,1,1
1050000,1499,2,2,1
585000,549,1,1,0
637000,649,1,1,0
651000,1099,2,2,1
723011,749,1,1,1
650000,549,1,1,0
1020000,949,3,2,1
671335,749,1,1,0
605000,749,3,1,0
550000,549,1,1,1
595000,549,1,1,0
650000,849,1,1,2
712000,649,2,2,0
600000,649,1,1,1
502118,249,0,1,1
620000,649,1,1,1
605000,649,1,1,0
633000,549,1,1,0
405000,249,1,1,0
530000,649,1,1,0
515000,649,1,1,0
658000,649,1,1,0
556000,549,1,1,1
632000,649,1,1,1
698000,749,1,1,1
720000,649,1,1,0
592999,649,1,2,0
715000,949,2,2,1
707000,849,2,1,0
750000,849,2,1,1
897000,1099,2,2,1
756000,949,2,2,1
1180000,1499,2,2,1
960000,949,2,2,1
755000,849,2,1,1
572800,549,1,1,1
507000,549,1,1,0
614000,649,1,2,0
670000,749,1,1,0
683000,749,1,1,0
960000,1499,2,2,1
1445000,1499,2,2,1
890000,1299,2,2,1
435000,549,1,1,0
978000,1699,1,2,0
680000,749,1,1,0
488000,549,1,1,0
630000,549,1,1,0
724000,849,2,1,2
540000,249,1,1,1
700000,1099,2,2,0
1115000,2124,3,3,1
381000,249,0,1,0
641500,649,1,1,0
629000,649,1,2,0
739800,749,1,1,1
555100,649,1,1,0
526000,749,2,1,0
600000,749,2,1,0
638000,549,1,1,0
475000,549,1,1,0
1045000,1499,2,2,1
570000,249,1,1,0
675000,1099,2,2,0
880000,1099,3,2,1
570000,249,1,1,0
811000,1299,2,2,1
690000,649,1,2,1
732000,749,2,1,0
562800,549,1,1,1
382500,249,0,1,0
965000,949,2,2,1
1090000,1099,2,2,2
699000,649,1,2,1
720000,749,2,1,0
760000,949,2,2,1
940000,949,2,2,1
632500,649,1,1,1
515000,249,1,1,0
499000,549,1,1,0
428000,249,1,1,0
719900,749,1,1,1
855000,949,1,1,0
750000,1099,1,2,1
689391,649,1,2,1
432000,249,1,1,0
850000,1299,2,2,1
712000,649,1,2,0
490000,249,0,1,0
587000,649,1,1,0
753000,749,1,1,1
1100000,1499,2,2,1
581000,549,1,1,0
1150000,1699,3,2,1
780000,849,2,2,1
690000,749,1,1,1
750000,749,1,1,1
595000,649,1,1,0
708888,849,1,1,0
1110000,1699,2,2,1
680000,949,2,2,0
453000,249,1,1,0
629000,749,1,1,1
586000,649,1,1,1
930000,949,2,2,1
670000,1099,3,2,1
765000,849,2,1,1
420000,249,1,1,0
574700,649,1,1,0
680000,1099,2,2,0
625000,549,1,1,1
485000,249,1,1,0
1700000,1099,2,2,1
430000,249,0,1,0
700000,649,1,2,0
528000,649,1,1,0
610800,549,1,1,0
700000,1099,2,2,1
885115,949,2,2,1
445000,549,1,1,1
478000,549,2,2,1
450500,649,1,1,1
595000,649,1,1,1
459900,649,2,1,1
536000,649,2,1,1
448888,649,2,1,1
522500,549,2,2,1
635000,749,2,2,1
475000,549,1,1,1
600000,649,2,2,1
507000,549,1,1,1
605000,749,2,2,1
570000,749,2,2,1
630000,749,2,2,1
390000,249,1,1,1
624900,649,2,1,1
505000,549,1,1,1
535000,649,1,1,1
749000,849,2,2,1
575000,749,2,2,1
499900,549,1,1,1
585000,649,1,1,1
543000,549,1,1,1
585000,649,2,2,1
715000,749,2,2,1
900000,949,2,2,1
536000,649,1,1,1
780000,949,2,2,1
669000,949,2,2,1
34000,0,0,0,1
488900,549,1,1,1
590000,649,2,1,1
629000,749,2,2,1
635000,749,2,2,1
574000,649,2,2,1
455000,549,1,1,0
667500,649,2,2,1
636000,749,2,2,1
536000,649,2,1,1
940000,1299,2,2,1
598800,649,1,1,0
885000,1099,2,2,1
558000,649,2,2,1
489000,549,1,1,1
28250,0,0,0,1
585000,649,1,1,1
549999,649,2,2,1
460000,249,1,1,1
523000,549,2,2,1
440000,249,1,1,1
711819,749,2,2,1
1040000,1099,2,2,1
595000,749,1,1,0
485000,549,1,1,0
651000,749,2,2,0
628875,749,2,2,1
745000,849,2,2,1
360000,249,1,1,0
458000,549,1,1,0
635000,749,2,2,1
378900,249,1,1,0
825000,849,2,1,0
435000,249,1,1,0
770000,949,2,2,1
535000,549,1,1,0
450000,549,1,2,1
630000,649,1,1,1
610000,749,2,2,1
624900,649,1,1,1
600000,749,2,1,1
402000,549,2,1,0
659900,749,2,2,1
587000,749,2,2,1
370000,249,1,1,1
470000,549,1,2,0
608888,649,2,2,1
389000,249,1,1,0
575000,749,1,1,1
695000,849,2,2,1
469000,649,1,1,0
536700,549,1,1,1
660000,749,2,1,1
485000,549,1,1,0
725000,849,2,2,0
676000,749,2,2,1
430000,249,1,1,0
500000,549,1,1,1
643000,949,2,2,0
610000,649,1,1,0
651000,649,1,1,1
450000,649,2,1,1
498000,549,2,2,1
685000,749,1,1,1
435500,249,1,1,1
582000,649,1,1,0
638000,649,2,2,1
590000,549,1,1,0
636988,649,1,1,0
760000,849,2,2,1
545000,649,2,1,1
790000,849,2,2,1
680000,849,2,2,1
430000,249,1,1,1
775000,849,2,2,1
500000,649,1,1,1
410000,549,1,1,0
720000,849,2,2,1
598000,649,2,2,1
626950,649,2,2,1
649000,849,2,2,1
545000,749,1,1,1
390000,249,1,1,0
1166000,1899,3,3,1
656000,749,1,1,1
737000,849,2,2,1
510000,249,1,1,0
450000,549,1,1,0
590000,649,2,2,0
425000,249,1,1,0
419000,649,1,2,0
566000,749,2,2,0
408000,249,1,1,0
425000,649,2,1,1
646042,549,1,1,1
500000,849,1,2,0
449000,649,2,1,1
465000,749,1,2,1
449000,249,1,1,0
585000,649,2,2,1
445000,649,2,1,1
830000,949,2,2,1
524000,549,1,1,0
515000,649,2,1,1
600000,749,2,2,1
750000,849,2,2,1
595000,649,1,1,1
465000,549,2,2,0
630000,649,2,1,1
566000,649,1,1,0
670000,649,1,1,1
530000,549,1,1,0
790000,749,2,2,1
405000,249,1,1,0
812000,1099,2,2,1
687000,749,2,2,0
640000,649,2,2,1
590110,749,2,2,0
530000,649,2,2,1
648000,749,2,2,1
530001,549,1,1,1
796000,849,3,2,1
459500,249,1,1,1
655000,849,2,2,1
980000,1499,2,3,1
510000,549,2,2,1
618800,649,2,2,1
1080000,1499,2,2,1
480000,549,2,2,1
530000,649,1,1,1
668000,649,2,2,1
500000,649,1,1,1
655000,649,2,1,1
895000,949,2,2,1
672000,849,2,2,0
640000,749,2,1,1
395000,249,1,1,0
420000,649,2,1,0
827000,1099,1,1,1
610000,649,1,1,1
465000,549,2,2,0
500000,249,1,1,0
500000,649,1,1,0
443000,549,1,1,0
851000,849,2,2,1
455000,549,2,2,0
680500,749,2,2,1
625000,649,1,1,1
555000,649,1,1,1
537000,549,1,1,0
499900,549,2,2,1
449900,549,2,1,1
525000,549,1,1,0
635000,649,2,1,1
770000,849,2,1,1
455000,249,1,1,0
605000,649,2,1,0
596500,649,2,2,1
975000,1099,2,3,1
515000,849,1,2,0
575000,549,1,1,0
488000,549,2,2,1
420000,549,1,1,0
700000,849,2,2,1
825000,849,2,2,1
780000,849,2,2,1
643000,649,2,2,1
490000,249,1,1,1
570000,649,2,1,1
435000,249,1,1,0
690000,749,1,1,1
355000,249,0,1,0
965000,1099,2,3,1
515000,549,2,2,1
730888,649,2,2,1
1062000,1099,2,2,1
575000,649,2,1,1
1150000,1299,2,3,1
527500,549,2,2,1
828000,949,2,2,1
565000,749,1,1,1
583000,749,2,2,1
679000,849,2,2,1
565000,649,1,1,1
510000,549,1,1,1
530000,649,1,1,1
496500,549,1,1,1
550000,549,1,1,1
561000,649,1,1,1
535000,649,1,1,1
603000,649,1,2,1
578000,649,1,1,1
799000,949,2,2,1
661000,749,2,2,1
570000,649,1,1,1
506000,549,1,1,1
730000,1099,2,2,1
573000,649,1,2,1
561000,549,1,1,1
733000,849,2,2,1
401000,249,0,1,1
381000,249,0,1,1
715000,749,1,2,1
715000,749,1,1,1
760000,849,2,2,1
600000,649,2,1,1
655100,749,1,2,1
540000,549,1,2,1
588000,649,1,1,1
580000,649,1,1,1
625000,749,2,2,1
595000,649,1,1,1
595000,649,1,1,1
555000,549,1,1,1
458000,549,1,1,1
600000,649,1,1,1
615000,849,2,2,1
525000,849,1,2,1
979000,1299,2,2,1
990000,1499,3,3,1
595000,649,1,1,1
660000,749,2,2,1
485000,649,1,1,1
501000,749,1,1,1
557000,649,1,1,1
646000,849,2,1,1
814000,749,1,1,1
507500,549,1,1,1
650500,649,1,2,1
675000,749,1,2,1
720000,849,2,2,1
470000,549,1,1,1
501000,549,1,1,1
735000,849,2,2,1
555888,549,1,1,1
748000,1099,2,2,1
543000,649,1,1,1
652000,1099,2,1,1
820000,849,1,1,1
510000,649,1,1,1
487500,249,1,1,1
570000,649,1,1,1
415000,249,0,1,1
675000,749,1,1,1
597000,749,2,2,1
720000,849,2,2,1
683000,949,1,2,1
550000,549,1,2,1
662000,849,2,1,1
390000,249,0,1,1
455000,249,1,1,1
708000,1099,2,2,1
430000,549,1,1,1
587000,649,1,1,1
720000,949,2,2,1
407000,249,0,1,1
540000,549,1,1,1
580000,649,1,1,1
635000,749,1,2,1
890000,949,2,2,1
830000,1099,3,2,1
1025000,1099,2,2,1
535000,549,1,1,1
887500,849,1,2,1
808000,1099,2,2,1
670000,749,2,2,1
494500,249,1,1,1
820000,849,2,2,1
782000,1099,2,2,1
635500,649,1,1,1
700000,749,2,2,1
865000,1099,2,2,1
472500,249,1,1,1
623000,749,1,1,1
1555000,1299,2,2,1
545000,649,1,1,1
700000,949,2,1,1
670000,749,2,1,1
575000,649,1,1,1
750000,849,2,2,1
490000,549,1,1,1
560000,649,1,1,1
720000,849,2,2,1
720000,849,2,2,1
616500,749,1,1,1
609000,749,2,2,1
765000,849,2,2,1
615000,749,1,2,1
595000,649,1,1,1
1727500,1699,2,2,1
588000,649,1,2,1
492000,649,1,1,1
855000,1099,2,2,1
640000,749,1,1,1
530000,549,1,1,1
620000,749,1,1,1
386000,249,1,1,1
537000,649,1,1,1
640000,749,1,1,1
686000,749,1,1,1
610000,649,1,1,1
705000,849,2,1,1
510000,549,1,1,1
572000,649,1,1,1
640000,749,2,2,0
525000,649,1,1,1
778000,849,2,2,1
565000,649,1,1,1
610000,649,1,2,1
505000,749,1,1,1
580000,549,1,1,1
820999,1099,2,2,1
839000,1099,2,2,1
750000,849,2,2,1
735000,949,2,2,1
740000,949,2,2,1
520000,649,1,1,1
510000,249,1,1,0
690000,749,2,2,1
859000,1499,3,3,1
500000,249,1,1,1
585000,649,1,1,1
593000,649,1,1,1
582000,549,1,2,1
560000,749,2,1,1
515000,549,1,1,1
590000,649,1,1,1
681000,1099,2,2,1
781000,749,1,2,1
483000,249,1,1,1
680000,849,1,2,1
985000,949,1,2,1
743000,949,1,1,1
758000,849,2,2,1
522000,649,1,1,1
713000,749,2,2,1
680000,849,2,2,1
488000,549,1,1,0
812000,1099,2,2,1
830000,1099,2,2,1
585000,649,1,1,1
790000,1099,2,2,1
715000,749,2,1,1
913500,1299,2,3,1
534900,649,1,1,1
383000,249,0,1,0
560000,649,1,1,0
782500,1099,2,2,1
545500,749,1,1,1
608000,649,1,2,1
650000,649,1,1,1
900000,1099,2,2,1
558000,649,1,1,1
651000,749,1,1,1
465000,549,1,1,1
601000,649,1,1,1
418000,249,0,1,0
675100,649,1,1,0
1185000,1099,2,2,1
600000,749,2,2,1
595000,649,1,1,1
659000,749,1,2,0
1201000,1299,1,2,1
755500,849,2,2,1
540000,649,1,1,1
655000,749,1,1,1
505000,549,1,1,0
472100,249,1,1,0
572500,549,1,1,0
834500,1099,2,2,1
397000,249,0,1,1
615000,749,1,1,1
695000,749,2,2,0
663000,749,1,1,1
535000,549,1,1,0
761000,949,2,2,1
692000,849,2,1,1
398000,249,0,1,0
620000,749,1,1,0
562000,649,1,1,1
535000,649,1,1,0
876000,2124,3,3,1
952000,1299,3,2,1
800000,1099,2,2,1
665000,749,2,2,1
580000,649,1,1,1
820000,849,1,1,1
658000,749,1,1,1
550000,549,1,1,1
708000,849,2,2,1
381500,249,0,1,0
755000,849,1,1,1
511000,549,1,1,0
765000,949,2,2,1
970000,1499,2,3,1
687500,949,2,2,1
550000,549,1,1,1
585000,649,1,1,1
565000,649,1,1,1
404000,249,0,1,0
701000,849,2,2,1
725000,749,2,2,1
695000,749,1,2,1
606000,749,1,1,1
645000,649,1,1,1
640000,949,2,2,1
1450000,1499,1,1,1
715000,749,2,2,1
483000,549,1,1,1
505000,549,1,1,1
490000,549,1,1,0
588000,649,1,1,1
677500,749,1,2,1
452500,249,1,1,1
667000,749,2,2,1
601000,649,1,2,1
622000,649,2,1,1
540000,549,1,1,1
715000,649,1,1,0
680000,849,2,2,1
439900,549,0,1,0
632000,749,1,1,1
550000,749,1,1,1
638000,849,1,1,1
579000,649,1,1,1
450000,249,1,1,0
455000,249,1,1,0
541000,649,1,1,1
815000,949,2,2,2
570000,649,1,1,1
968000,1099,2,2,1
1200000,1699,3,4,2
820000,1299,2,3,1
720000,849,2,2,1
588500,649,1,1,1
661000,649,1,1,1
620000,649,1,2,1
585000,749,2,1,1
766000,849,1,1,1
950000,1299,2,3,1
810000,1299,2,2,1
680000,1099,2,1,1
647000,649,2,1,1
665000,849,2,2,0
546125,549,1,1,0
560000,649,1,1,1
690000,749,1,1,1
890000,949,2,2,1
510000,649,1,1,1
815000,849,2,2,1
480000,549,1,1,1
675000,849,3,1,1
519900,549,1,1,1
615000,649,1,1,1
515000,549,1,1,1
645000,849,1,1,1
515000,549,1,1,1
555000,649,1,1,1
705000,749,2,2,1
555000,649,1,1,1
717000,849,1,1,1
515000,549,1,1,1
606000,749,2,2,1
611000,849,1,1,1
500100,549,1,1,1
463000,549,1,1,0
690000,849,1,2,1
655000,849,2,1,1
579000,649,1,1,1
595000,749,1,1,1
853000,1099,2,2,1
581500,549,1,1,1
715000,849,2,2,1
667500,849,1,2,1
545100,549,1,1,1
518000,549,1,1,1
750000,849,2,2,1
940000,1499,2,2,1
520000,649,1,1,1
750000,1099,2,2,1
682000,649,1,1,1
890000,1099,2,2,1
835000,949,2,2,1
696000,949,1,2,2
590000,649,1,1,1
562888,549,1,1,0
490000,249,1,1,1
520000,549,1,1,1
537500,549,1,1,1
893000,949,2,2,1
633917,849,2,1,1
675000,649,1,1,1
960000,949,1,1,1
1090000,1099,2,3,1
500000,549,1,1,0
835000,1099,3,2,1
971000,1499,3,3,1
953000,1299,3,2,2
760000,949,2,2,1
751000,849,2,2,1
535000,549,1,1,0
529500,549,1,1,1
681500,849,2,1,1
560000,649,1,1,1
593000,649,1,1,1
565000,649,1,1,1
630000,749,1,2,1
475000,549,1,1,0
548800,249,1,1,0
610000,649,1,2,1
500000,549,1,1,0
635700,649,1,1,1
750000,949,2,2,1
590000,749,1,1,1
565000,649,1,1,0
960000,1299,3,2,2
518215,549,1,1,0
600000,649,1,1,1
560000,649,1,1,1
552000,249,1,1,0
525000,649,1,1,0
900000,949,1,2,1
630000,649,1,1,1
825000,1099,2,2,1
1050000,1099,1,2,1
562500,649,1,1,0
605000,649,1,1,0
675000,749,1,1,1
503000,549,1,2,0
550000,649,1,1,1
583000,649,1,1,1
755000,649,1,1,1
550000,549,1,1,0
720000,849,1,2,1
391900,249,0,1,0
527000,649,1,1,1
425000,249,0,1,0
740000,849,2,2,1
530000,549,1,1,0
570000,749,1,1,0
812000,749,1,1,1
635000,599,2,1,1
830000,949,2,2,1
545000,649,1,1,0
557500,649,1,1,1
1245000,1899,3,3,1
565000,649,1,2,1
560000,649,1,1,1
1050000,1099,2,1,1
600000,649,1,2,1
610000,749,1,1,1
655000,649,1,1,1
851000,1099,2,2,2
646000,749,2,2,1
620000,649,1,1,1
832000,1099,2,2,1
679000,749,1,2,1
846000,1099,2,2,1
799000,749,1,1,1
575000,649,1,1,0
592767,649,1,1,1
1299000,1299,2,3,1
680000,849,2,2,1
710000,1099,2,2,1
499000,549,1,1,0
408000,249,0,1,0
658000,949,2,1,1
536000,649,1,1,1
669000,849,2,2,1
850000,1099,2,2,1
565000,649,1,1,0
625000,749,1,1,0
638000,649,1,2,1
595000,649,1,1,1
675000,849,1,2,1
585000,749,1,1,1
555000,749,1,1,1
640000,649,1,1,1
625000,649,1,1,1
620000,649,1,1,1
559900,649,1,1,1
620000,749,1,1,1
905000,1099,1,2,1
775000,949,1,1,1
1070000,1299,2,2,1
670000,749,1,2,1
688000,849,1,1,1
960000,1099,2,2,1
615000,649,1,1,1
790000,749,2,2,1
612888,649,1,1,1
601000,649,1,2,1
545000,649,1,1,1
830000,1099,3,2,0
720000,749,2,2,1
768300,849,2,2,1
579990,549,1,1,1
538000,549,1,1,1
795000,949,2,2,1
515000,549,1,1,0
495000,649,1,1,0
570000,549,1,1,1
494500,549,1,1,0
705000,949,2,1,1
599900,649,1,1,1
660000,649,2,1,1
675000,849,1,2,1
995000,1099,2,2,1
1018000,1099,2,2,1
500000,649,1,1,0
590000,649,1,1,0
865000,949,2,2,1
670000,749,2,2,1
875000,1099,2,2,1
650000,749,2,2,1
580000,649,1,1,1
571000,649,1,1,1
702290,749,2,2,1
455000,249,0,1,1
510888,549,1,1,1
820000,1099,3,2,1
1025000,1499,2,2,1
745000,849,2,2,1
445500,549,1,1,0
700000,849,2,1,1
851000,1099,3,2,1
1025000,1099,2,2,1
561000,849,2,1,1
499900,249,1,1,0
681000,749,1,2,1
560000,749,1,1,1
540000,549,1,1,1
902500,949,1,1,0
515000,649,1,1,0
498553,549,1,1,0
590000,649,1,1,1
410000,249,0,1,0
650000,749,1,1,1
526000,549,1,1,0
534000,649,1,1,0
655000,749,2,2,1
520000,549,1,1,1
383500,249,0,1,0
810000,949,2,2,1
355000,249,0,1,0
635000,749,1,1,1
772000,849,2,2,1
830000,1099,3,2,1
642000,649,1,2,1
980000,1099,2,2,1
510000,649,1,1,0
662000,749,1,2,1
530000,549,1,1,1
756800,849,2,2,1
556000,549,1,1,1
683000,749,2,2,1
500000,649,1,1,1
872000,1299,2,3,1
735000,849,2,2,1
653000,649,1,1,1
775000,949,2,2,1
617500,649,1,1,1
780000,949,2,2,1
651000,649,1,2,1
630000,749,1,1,1
640000,649,1,1,2
508600,549,1,1,0
790000,949,2,2,1
1250000,949,1,2,1
640000,749,2,2,1
700000,949,2,2,1
652500,849,2,1,0
627000,749,1,1,1
525000,549,1,1,1
1198000,1299,2,2,2
585000,649,1,1,0
530000,549,1,1,0
588800,649,1,2,1
700000,749,2,2,1
635000,649,1,1,1
680000,849,2,1,1
484000,549,1,1,0
752000,1099,2,2,1
690000,849,1,2,1
667000,749,1,1,1
748000,749,2,1,1
580000,549,1,2,1
629000,749,1,1,1
570000,649,1,1,0
467500,549,0,1,0
670000,649,1,1,1
550000,549,1,1,1
732500,749,1,1,1
829850,849,2,2,1
780000,949,2,2,1
775000,949,2,2,1
449300,249,1,1,0
560000,649,1,1,0
480000,549,1,1,0
625000,849,1,1,1
552000,649,2,1,0
685000,649,1,1,0
621500,649,1,1,1
553000,649,1,1,0
815000,649,1,1,1
569000,649,1,1,0
645000,749,1,2,1
855000,1099,2,2,1
676900,849,2,2,1
713000,849,2,2,1
838000,1099,2,2,1
720000,849,2,2,1
690000,849,2,2,1
550000,649,1,1,1
510000,249,1,1,0
491000,549,1,1,0
650000,749,2,1,1
744000,749,2,2,1
650000,649,2,1,1
695000,749,2,2,1
462000,249,1,1,0
517000,549,1,1,0
924900,1099,2,2,1
729000,749,2,2,1
643000,849,2,2,1
750000,749,1,2,1
670000,749,2,1,1
1015000,1099,2,2,1
485000,549,1,1,0
416000,249,0,1,0
588000,649,1,1,1
755000,849,2,2,1
568000,649,1,1,1
577000,649,1,1,1
488000,249,1,1,1
550000,549,1,1,1
670000,749,2,2,1
635000,849,1,2,1
755000,949,2,2,1
515600,549,1,1,1
951500,849,2,2,1
628000,749,2,2,1
980000,1099,2,2,1
850000,949,2,2,1
1220000,1099,2,2,1
787000,949,2,2,1
535000,649,1,1,0
740000,749,1,2,1
630000,649,1,1,1
560000,549,1,1,1
668000,749,1,1,1
560000,649,1,1,1
590000,649,1,1,1
740000,749,1,1,1
755000,1099,2,2,1
539900,549,1,1,0
680000,849,1,2,1
730000,749,2,2,1
725000,749,1,1,1
791000,949,2,2,1
650000,649,1,1,1
680000,849,1,2,1
600000,849,1,1,1
615000,649,1,1,1
589000,549,1,1,1
740000,749,2,1,1
679000,749,1,1,1
652000,649,1,1,1
519000,549,1,1,0
765000,949,2,2,1
790000,949,2,2,1
928000,1099,2,2,1
700000,749,2,2,1
780000,849,2,2,1
1415000,1499,1,2,1
1150000,1299,2,2,1
799000,949,2,2,1
551000,549,1,1,1
786500,849,2,2,1
630000,749,1,1,1
560000,649,1,1,1
955000,1299,3,2,1
642900,849,2,2,1
582000,549,1,1,0
517000,649,1,1,1
679800,749,1,1,1
551000,549,1,1,0
500000,249,1,1,0
380000,549,0,1,0
645000,749,2,1,1
535000,549,1,1,1
746600,949,2,2,1
660000,749,2,2,0
832000,849,2,2,1
555000,549,1,1,0
575000,649,1,1,1
665000,649,1,1,1
557000,549,1,2,1
870000,949,2,2,1
607500,649,1,1,1
615000,749,1,1,0
680000,949,2,2,1
506800,549,1,1,0
565000,649,1,1,0
665000,749,2,2,1
1200000,2374,3,3,2
665000,749,1,2,1
1289900,1899,4,3,1
580000,549,0,1,0
1800000,1899,3,3,1
752000,849,2,2,1
665000,749,2,2,1
1067000,1099,2,2,1
557700,549,1,1,1
723000,1499,3,3,1
448000,249,1,1,0
850000,1099,2,2,1
760000,849,1,1,1
550000,549,1,1,0
665188,649,1,1,1
450000,249,0,1,0
565000,549,1,1,0
725000,749,2,2,1
572000,549,1,1,1
525000,649,1,1,1
679000,849,2,2,1
650000,649,1,2,1
632000,749,1,2,1
868000,749,1,1,1
382000,249,0,1,0
536000,549,1,1,0
495000,549,1,1,0
610000,649,1,1,1
660000,749,1,1,1
497000,549,1,1,0
1132000,1499,2,2,1
517500,549,1,1,0
990000,1299,2,3,1
550000,649,2,1,1
789990,849,2,2,1
700000,849,2,1,1
587500,649,1,1,1
675000,849,2,2,1
751500,849,2,2,1
555000,649,1,1,1
608000,649,1,1,1
685000,849,2,2,1
655000,749,1,2,1
530000,549,1,1,0
720000,949,2,2,1
555000,549,1,1,1
595000,649,1,1,1
960000,1299,2,3,1
485000,549,1,1,0
729999,749,2,1,1
780000,849,2,2,2
646500,949,1,2,1
560000,649,1,1,0
615000,649,1,1,1
618500,749,2,2,0
470000,549,1,1,0
1050000,1099,2,2,1
681000,749,2,2,1
900000,949,2,2,1
810000,1299,2,3,1
948000,1099,2,2,1
1280000,1899,4,3,1
670800,849,1,1,1
590500,649,1,1,1
600000,749,1,1,1
659900,849,1,2,1
588000,649,1,1,0
649000,949,2,2,1
591251,649,1,1,1
650000,649,1,1,1
532000,549,1,1,0
625000,749,1,2,1
568000,649,1,1,0
550000,549,1,1,0
1275000,2124,2,3,1
680000,749,2,2,1
570000,649,1,1,1
590000,649,1,1,1
610000,649,2,1,1
672500,649,1,1,1
555000,649,1,1,1
595000,649,1,1,1
705000,849,2,2,1
1210000,1299,3,2,1
582000,649,1,1,1
950000,1499,3,2,1
795000,849,2,2,1
565000,649,1,1,1
535000,249,1,1,0
570000,549,1,1,1
467000,249,1,1,0
562500,549,1,1,1
610000,749,2,2,1
585000,749,1,2,0
585000,649,1,1,0
915000,1099,2,2,1
475000,249,0,1,0
686250,649,1,1,1
555000,649,1,1,0
740000,1099,2,2,1
672500,749,1,2,1
534500,649,1,1,1
698000,949,2,2,1
1050000,1099,3,2,2
595000,749,1,2,1
590000,649,1,1,1
785000,1499,3,3,1
745000,849,2,2,1
635000,749,2,2,1
675000,749,1,2,1
419000,249,0,1,0
900000,1099,2,2,1
574900,849,1,1,1
585000,549,1,1,1
1065000,1299,2,3,2
600000,649,1,1,1
705000,849,2,2,1
967750,1299,3,2,1
540000,749,1,1,1
457500,249,1,1,0
762000,1099,2,2,2
808000,949,2,2,1
667000,649,1,1,1
585000,649,1,1,1
649000,749,1,2,1
510000,649,1,1,1
815000,849,2,2,1
583000,649,1,1,1
688000,749,2,1,1
684000,849,2,2,1
521800,549,1,1,0
559000,549,1,1,0
775000,1099,2,2,1
1455000,1499,2,2,1
569000,649,1,1,1
498000,549,1,1,0
545000,649,1,1,1
400000,249,0,1,0
508000,249,1,1,0
612000,749,1,1,1
800000,1099,2,2,1
656250,649,1,1,1
590000,649,1,1,0
730000,849,2,2,0
549000,649,1,1,1
550000,549,1,1,1
985000,1099,2,2,1
595000,749,3,1,0
939000,1299,3,2,2
627000,749,1,1,1
515000,649,1,1,0
469900,249,1,1,0
785000,1099,2,2,1
1925000,2374,2,3,1
1080000,1099,1,1,0
815000,949,2,2,2
755000,849,2,2,1
780000,949,2,2,1
630000,649,1,1,1
749500,949,2,2,1
645000,649,1,2,1
973000,1299,2,2,1
835000,1099,2,2,1
912500,1099,1,2,1
683000,849,1,2,1
875000,1099,2,2,1
830000,1099,2,2,1
678000,749,1,1,1
580000,649,1,1,1
635000,649,1,1,1
575000,649,1,1,1
655000,849,1,2,1
596500,649,1,1,1
655000,749,2,2,1
535500,549,1,1,0
617500,849,1,2,1
755000,849,2,2,1
721000,749,1,2,1
708000,849,1,2,1
464000,549,0,1,1
755000,949,2,2,1
580000,749,1,1,1
736000,849,2,1,1
615000,849,1,2,1
397500,249,0,1,0
492000,749,1,1,1
650000,749,1,2,1
500000,549,1,1,0
575100,549,1,1,1
910000,1499,3,3,1
513000,249,1,1,1
550000,549,1,1,1
1179128,1099,2,2,1
750000,649,1,1,1
700000,649,1,1,1
552500,549,1,1,1
525000,549,1,1,1
580000,649,2,1,0
622027,649,1,1,1
648000,649,1,2,1
695000,749,2,2,1
681000,649,1,1,1
590000,549,1,1,1
1390000,1299,1,1,1
698000,649,1,1,1
898000,1499,3,2,1
703000,849,2,2,1
526000,549,1,1,1
580000,649,1,1,1
735000,949,2,2,2
875000,1099,2,2,1
1110000,1499,3,3,2
665000,749,1,2,1
739900,749,2,2,1
1050000,1099,2,2,2
458000,249,0,1,0
520100,549,1,1,0
765000,749,1,1,1
705500,649,1,2,1
1069000,1299,2,2,1
689000,749,1,2,1
682000,749,1,1,1
765000,849,2,2,1
399000,249,0,1,0
825000,1499,3,3,1
438000,249,0,1,0
545000,549,1,1,1
503000,549,1,1,0
550000,649,1,1,1
676000,749,1,1,1
679800,749,1,1,1
749900,849,1,1,1
550000,649,1,1,1
630000,749,1,2,1
910000,1099,2,2,1
640000,949,2,2,1
975000,1099,2,2,1
545000,549,1,1,0
875000,849,1,2,1
551000,649,1,1,0
527500,649,1,1,0
641000,649,1,1,1
642000,649,1,1,0
830000,949,2,2,1
605000,649,1,1,1
511000,549,1,1,0
875000,949,2,2,1
768000,1099,2,2,1
561514,549,1,2,0
825000,949,2,2,1
545000,549,1,1,1
557000,549,1,1,1
603000,549,1,1,0
1205000,1699,3,4,1
860000,1099,2,2,1
870000,949,2,2,1
855000,1099,3,2,1
885000,1299,2,2,1
630000,749,1,1,0
733000,749,1,2,1
575500,549,1,1,0
622500,649,1,2,1
1197500,1499,3,2,1
700500,649,1,1,1
662000,649,1,1,0
610000,649,1,1,1
691800,749,1,2,1
735000,749,1,1,1
686163,749,1,1,1
900000,1099,2,2,1
668000,849,1,2,1
665000,749,2,2,1
730000,849,2,2,1
841000,1099,2,2,1
930000,949,1,2,1
471500,249,1,1,0
533000,549,1,1,0
575408,649,1,1,1
649900,549,1,1,0
690000,749,1,2,1
890000,1099,2,2,2
578880,549,1,1,1
691000,749,2,1,1
760000,749,1,2,1
660000,949,2,1,1
646000,649,1,1,1
688000,749,2,2,1
646100,649,1,2,1
895000,949,2,2,1
950000,1499,2,2,1
680000,949,2,2,1
1175000,1499,2,2,2
865000,1099,1,1,1
760000,849,2,2,1
568000,649,1,1,1
600000,649,1,1,1
620000,649,1,2,1
608000,649,1,1,1
898000,1099,2,2,1
757500,949,2,2,1
672500,749,1,2,1
741000,649,1,1,1
725000,749,2,2,1
980000,1299,2,2,2
508000,549,1,1,0
648000,749,1,1,1
535000,249,0,1,0
670000,749,1,1,0
794000,1099,2,2,1
772000,849,2,2,1
570000,549,1,1,1
657500,649,1,1,1
685000,749,1,1,1
965000,1099,2,2,1
495000,549,1,1,0
751316,849,2,2,1
640000,649,1,1,0
570000,649,2,1,0
610000,649,1,1,1
650000,749,1,1,1
617000,749,1,1,0
795000,749,1,1,1
760000,1099,2,2,2
488500,249,1,1,0
550000,649,1,1,0
671000,749,1,1,1
645000,749,1,1,1
612000,649,1,1,1
545000,249,1,1,0
835000,1499,3,2,1
551000,549,1,1,1
590000,549,1,2,1
995000,949,2,2,1
915000,1099,2,2,1
790000,949,2,2,1
592500,649,1,1,1
520000,549,1,1,0
1160000,1299,3,2,1
625000,649,1,1,1
865000,1099,3,2,1
530000,749,1,1,1
852000,1299,2,3,1
607000,549,1,1,1
621000,649,1,1,1
720000,749,2,2,1
524900,549,1,1,1
1000000,1499,2,2,1
881000,1099,3,2,1
631000,849,1,2,1
562500,249,1,1,0
795000,1099,3,2,1
882000,949,2,2,1
570000,649,1,1,1
717500,849,2,2,0
492500,249,1,1,1
780000,649,1,1,1
575000,649,2,1,0
570000,549,1,1,0
1200000,1499,1,2,1
975000,1299,2,2,1
600000,649,1,1,0
630000,749,1,1,1
910000,1299,3,2,1
470000,549,1,1,0
575000,549,1,1,1
548000,549,1,1,0
721000,849,1,2,1
680757,849,2,2,0
820000,849,1,2,0
770000,849,2,2,1
552500,549,1,1,0
665000,649,1,1,0
885990,1099,2,2,1
835500,1099,2,2,1
745000,749,2,1,1
926000,1099,1,2,1
980000,1299,2,2,1
652000,649,1,2,1
730250,749,2,2,1
625000,749,1,1,1
800000,849,2,2,1
808000,949,2,2,1
631000,849,1,1,0
1049900,1099,2,2,1
758000,949,2,2,1
980000,1099,1,1,1
820000,849,1,2,1
780000,849,2,2,1
625000,749,1,2,1
598000,649,1,1,1
614350,649,1,2,0
785000,949,2,2,1
564900,849,1,1,0
1125000,1299,2,2,2
595000,649,1,1,1
653000,649,1,2,1
1031650,849,2,2,1
610000,649,1,1,0
860000,749,2,2,1
520000,649,1,1,0
541000,649,1,1,0
668000,649,1,2,1
567000,649,1,1,1
565500,549,1,1,0
822000,749,1,2,1
665000,749,1,2,1
750000,649,1,1,0
725000,849,2,1,1
850000,949,2,2,1
615000,549,1,2,1
422000,249,0,1,0
525000,249,1,1,0
1042000,1099,2,2,0
722000,549,1,1,1
760000,649,1,2,2
635000,749,1,1,1
630100,749,1,1,0
1000000,1099,2,2,1
627500,649,1,1,1
558000,549,1,1,0
560000,649,1,1,0
715000,1099,3,2,1
565000,649,1,1,1
875000,949,2,2,1
528000,649,1,1,0
715000,749,1,1,1
2780000,3124,4,4,4
605000,549,1,1,0
620000,649,1,1,1
730000,749,1,1,1
1235000,1099,2,2,1
602100,749,1,1,0
999000,1099,2,2,0
1680000,1699,2,3,1
680000,949,1,2,1
605500,749,1,1,1
691100,949,1,1,1
503000,549,1,1,0
625000,649,1,1,0
778000,949,2,2,1
730000,1099,2,2,1
640000,849,1,2,1
1255000,1099,2,2,1
538000,549,1,1,1
1075000,1299,2,2,1
568000,549,1,1,1
3820000,2874,3,3,1
585000,649,1,1,1
625000,649,1,1,1
950000,849,2,2,1
959300,849,2,2,1
780000,949,2,2,1
1510000,2124,3,3,2
904000,1099,2,2,1
775000,749,1,1,1
672000,549,1,1,0
850000,949,2,2,1
980000,849,1,2,0
547900,649,1,1,0
640000,649,1,1,0
900000,849,2,2,1
825000,949,1,2,1
915000,949,1,2,1
675000,649,1,1,1
585000,549,1,1,1
790000,749,1,1,1
590000,649,1,1,0
780000,749,1,1,1
999999,1099,1,2,1
650000,649,1,1,0
781000,649,1,1,1
781500,949,1,2,1
977000,1699,3,3,1
1150000,1299,2,2,0
700000,549,1,1,1
900000,1699,3,3,1
775000,749,1,1,1
530000,649,1,1,1
775000,849,2,1,1
543250,249,1,1,0
650000,549,1,1,1
607000,949,2,2,1
641000,649,1,1,1
545900,649,1,1,1
980000,1099,2,2,1
613000,649,1,1,0
1000000,1299,3,2,1
620000,749,1,1,0
625990,649,1,1,0
440000,749,1,1,1
602500,549,1,1,0
768800,749,1,2,1
618000,649,1,1,0
580000,649,1,1,0
1280000,1699,2,2,1
1610000,2624,3,4,1
635000,649,1,1,1
628000,549,1,1,0
767000,749,1,2,1
857500,1099,2,2,0
999999,1299,2,2,1
380000,249,0,1,0
667000,749,1,1,0
957000,949,2,2,1
280000,249,0,1,0
639000,649,1,2,1
1350000,2374,2,3,2
575000,549,1,1,1
765000,749,1,2,1
961000,1099,2,2,1
598888,649,1,1,1
518000,549,1,1,1
869000,949,2,2,1
685000,749,2,1,1
580000,549,1,1,1
785000,749,2,2,1
975000,1099,2,2,1
880000,1099,2,3,1
1190000,1299,2,2,1
3950,249,0,0,1
1600000,1499,2,3,1
1220000,1899,2,2,1
615000,649,1,1,1
510000,549,1,1,1
545000,649,1,1,1
500000,249,1,1,1
480000,549,1,1,1
615000,549,1,1,1
670000,849,2,2,1
630000,649,1,1,1
542000,649,1,1,1
520000,749,1,1,1
653888,549,1,1,1
590000,649,1,1,1
770000,949,1,2,1
688000,749,2,2,1
555000,549,1,1,1
768000,849,2,2,1
569000,649,1,1,1
865000,949,2,2,1
628200,649,1,1,1
570000,649,1,1,1
489000,549,1,1,1
525000,549,1,1,1
600000,649,1,1,1
623500,649,1,2,1
620000,649,1,1,1
520000,549,1,1,1
635000,749,1,1,1
1130000,1499,3,3,1
1060000,1099,2,2,1
1170000,949,2,2,1
630000,649,1,1,1
523000,649,1,1,1
662000,549,1,1,1
560000,649,1,1,1
580000,549,1,1,1
535000,249,1,1,1
705000,649,2,1,1
540000,549,1,1,1
570000,649,1,1,1
582000,749,1,1,1
870000,1099,2,2,1
733000,649,1,1,1
560000,549,1,1,1
590000,649,1,1,1
620000,549,1,1,1
835000,949,2,2,1
750000,849,3,2,1
708000,749,1,2,1
715000,749,2,2,1
499900,549,1,1,1
728960,749,1,1,1
623000,649,1,1,1
599000,649,1,1,1
575500,549,1,1,1
1060000,1299,2,2,1
525000,549,1,1,1
893000,849,2,2,1
499900,549,1,1,1
829000,949,2,2,1
599000,749,1,2,1
550000,549,1,1,1
590000,549,1,1,1
545000,649,1,1,1
910000,949,2,2,1
966850,849,2,2,1
513800,249,1,1,1
555000,549,1,1,1
685000,849,2,2,1
542900,549,1,1,1
695000,649,1,1,1
585000,549,1,1,1
531000,849,1,1,1
757000,1099,2,2,1
685000,849,2,2,1
685000,749,1,2,1
849000,649,1,1,1
749000,749,1,2,1
697000,849,2,2,1
535000,549,1,1,1
595000,649,1,1,1
1950000,1499,2,2,1
530000,549,1,1,1
44000,0,0,0,1
582000,649,1,1,1
525000,249,1,1,1
675000,649,1,1,1
765000,849,1,2,1
593260,549,1,1,1
40000,0,0,0,1
630000,549,1,1,1
551000,849,1,1,1
590000,649,1,1,1
875000,849,1,1,1
649000,649,2,1,1
1075000,949,2,2,1
895000,849,2,2,1
551000,549,1,1,1
750000,949,1,1,1
955000,949,2,2,1
799000,1099,2,2,1
770000,749,2,2,1
1420000,1299,2,2,1
925000,849,2,2,1
1050000,1299,2,2,1
890000,1099,1,1,1
460000,249,0,1,1
820000,849,2,2,1
845000,849,2,2,1
648000,649,1,2,1
852500,949,2,2,1
50000,0,0,0,1
551000,249,1,1,1
649900,649,1,1,1
975000,1099,2,2,1
5000,0,0,0,1
7500,0,0,0,1
710000,849,2,2,1
590000,549,1,1,1
629000,549,1,1,1
820000,749,2,1,1
1148000,1299,2,2,1
495000,249,1,1,1
660000,549,1,1,1
678000,649,1,1,1
559000,549,1,1,1
645000,749,1,2,1
499900,549,1,1,1
560000,649,1,1,1
1585000,1699,2,2,1
902000,849,3,2,1
742000,849,1,2,1
505000,549,1,1,1
1185000,1299,2,2,1
578000,649,1,1,1
975300,1099,2,2,1
526000,549,1,1,1
650000,649,1,1,1
945000,1299,2,2,1
859900,949,2,2,1
640000,849,1,1,1
1830000,1699,2,3,1
570000,749,1,1,1
534000,549,1,1,1
535000,649,1,1,1
600000,549,1,1,1
495000,249,1,1,1
474000,549,1,1,1
665000,649,1,1,1
775000,749,2,2,1
567000,549,1,1,1
585000,649,1,1,1
645000,649,1,1,1
580000,949,1,2,1
695000,749,1,1,1
610000,649,1,1,1
537000,549,1,1,1
1150000,1099,2,2,1
565000,649,1,1,1
849000,949,2,2,1
728000,749,1,1,1
519960,549,1,1,1
55000,249,0,0,1
700000,749,1,2,1
480000,249,0,1,1
855000,1099,3,2,1
759000,649,2,1,1
555000,249,0,1,1
440000,249,0,1,1
606000,749,1,1,1
886000,1299,2,2,1
715000,649,1,1,1
1230000,1299,2,2,1
562000,549,1,1,1
690000,649,1,1,1
9800,549,0,1,1
698000,849,2,2,1
464000,249,1,1,1
483500,249,1,1,1
788000,949,2,2,1
818800,849,2,2,1
520000,649,1,1,1
905200,849,2,2,1
785000,949,2,2,1
575000,649,1,1,1
521750,649,1,1,1
710000,649,1,1,1
709000,749,2,2,1
634000,749,1,2,1
592000,649,1,1,1
515000,549,1,1,1
705000,649,1,1,1
675000,649,1,2,1
715000,649,1,1,1
588000,649,1,1,1
635000,549,1,1,1
635000,649,1,1,1
800000,949,2,2,1
740000,649,2,1,1
800000,749,2,2,1
516000,549,1,1,1
619900,549,1,1,1
713888,749,2,2,1
690000,649,2,2,1
2700000,3124,2,3,1
2100000,2124,3,3,1
586000,749,1,1,1
535000,249,1,1,1
640000,549,1,1,1
570000,649,1,1,1
585000,549,1,1,1
598000,749,2,1,1
545000,649,1,1,1
687500,849,2,2,1
475800,249,1,1,1
630000,649,1,1,1
469000,249,1,1,1
510000,249,0,1,1
506500,549,1,1,1
620000,549,1,1,1
815000,1099,1,1,1
849999,949,2,2,1
590000,849,1,1,1
770000,1099,1,1,1
758000,749,2,2,1
860000,949,2,2,1
622500,549,1,1,1
446500,249,0,1,1
660000,749,1,1,1
985000,1299,2,2,1
558000,549,1,1,1
615000,749,1,2,1
572000,649,1,1,1
512500,549,1,1,1
680000,749,2,2,1
488000,549,1,1,1
713000,749,2,1,1
1175000,1299,2,2,1
626000,649,1,1,1
845000,1099,2,2,1
540000,549,1,1,1
1210000,1099,2,2,1
520000,249,0,1,1
650000,649,1,1,1
599000,949,1,1,1
989000,949,2,2,1
627000,649,1,1,1
770000,849,2,2,1
522888,249,1,1,1
796000,849,2,2,1
670000,649,1,1,1
1825000,1299,2,2,1
612000,649,1,1,1
498000,249,1,1,1
941000,1099,2,2,1
664000,649,1,1,1
510000,649,1,1,1
520000,649,1,1,1
1068000,949,2,2,1
605000,749,1,1,1
797000,749,2,2,1
565000,549,1,1,1
585000,549,1,1,1
485000,549,0,1,1
638000,649,2,1,1
526000,649,1,1,0
516000,549,1,1,1
1025000,949,2,2,1
535000,649,1,1,1
563000,249,1,1,1
490000,249,1,1,1
691275,649,2,1,1
460000,249,1,1,1
960000,1099,2,2,1
725000,649,1,1,1
890000,1099,2,2,1
597000,649,1,1,1
900000,749,2,2,1
968000,1099,2,2,1
435000,249,1,1,1
645000,549,1,1,1
830000,849,2,2,1
625000,549,1,1,1
760000,849,2,2,1
591000,649,1,1,1
718000,749,1,1,1
548000,249,1,1,1
705000,749,1,2,1
700888,749,2,2,1
599900,649,1,1,1
648888,649,1,1,1
858000,949,2,2,1
670000,749,1,1,1
728000,749,1,1,1
511000,549,1,1,1
607000,649,1,1,1
526500,649,1,1,1
700000,649,2,1,1
532500,249,1,1,1
965000,949,2,2,1
626000,649,1,1,1
600000,549,1,1,1
535000,649,1,1,1
638000,649,1,1,1
589000,649,1,1,1
515000,549,1,1,1
575000,749,1,1,1
600000,649,1,1,1
568000,549,1,1,1
572000,849,1,1,1
1875000,1499,1,2,1
880000,949,2,2,1
688000,749,1,2,1
2100000,2124,2,2,1
710000,749,2,2,1
1749000,1899,3,3,1
535000,249,1,1,1
429900,249,0,1,1
600000,649,1,1,1
745000,749,2,2,1
523000,649,1,1,1
698000,649,1,1,1
541888,549,1,1,1
558000,549,1,1,1
610000,649,1,2,1
635000,549,1,1,1
788000,849,2,2,1
560000,549,1,1,0
507800,549,1,1,0
591000,649,1,1,1
892650,949,2,2,1
650000,749,2,1,1
790000,1099,1,1,1
478000,249,1,1,1
638000,649,2,1,0
740000,749,2,2,1
460000,249,1,1,1
687000,749,1,1,1
615000,649,1,1,1
575000,549,1,1,0
810000,849,2,2,1
751000,849,2,2,1
568000,649,1,1,1
600000,549,1,1,1
1050000,949,3,2,1
593000,649,1,1,1
466700,549,0,1,1
625000,549,1,1,1
526000,549,1,1,1
635000,649,1,1,0
443000,249,0,1,1
1015000,1099,2,2,1
547500,249,1,1,1
610000,749,1,2,1
671000,649,1,1,0
587000,549,1,1,1
730000,849,1,1,1
526400,549,1,1,1
508000,549,1,1,1
1800000,1699,2,2,2
630000,649,1,1,1
482500,549,1,1,1
641000,649,1,1,1
1150000,1299,2,2,1
535000,649,2,1,1
1400000,1899,3,3,1
850000,949,2,2,1
625000,649,1,1,1
800000,1099,1,1,1
995000,1299,2,2,1
665000,649,1,1,1
1259000,1299,2,2,1
857000,949,1,2,1
532000,249,1,1,1
638000,649,1,1,1
552000,549,1,1,0
786000,749,2,2,1
513000,549,1,1,0
598000,549,1,1,1
508800,249,1,1,0
1115000,1099,2,2,1
690000,849,2,2,1
650000,749,1,1,1
450000,249,0,1,1
707000,749,1,2,1
1110000,1299,2,2,1
552500,549,1,1,0
510000,549,1,1,0
635000,549,1,1,1
482000,549,1,1,0
1218000,1299,2,2,1
717000,849,1,2,0
550888,549,1,1,1
985000,1099,2,2,1
611000,549,1,1,0
630000,649,1,1,1
803000,849,1,1,1
688800,749,2,2,1
808000,849,2,2,1
455000,249,0,1,0
425000,549,1,1,0
605000,649,1,1,0
549900,549,1,1,0
765000,649,1,1,1
600000,649,1,1,1
680000,749,1,1,1
985000,1099,2,2,1
975000,949,3,2,1
657500,749,1,1,0
828000,949,2,2,1
535000,549,1,1,0
1850000,2624,3,3,2
632500,549,1,1,0
584900,649,1,1,1
665000,649,1,1,1
504900,549,1,1,0
674000,649,1,1,1
525000,749,1,1,1
661000,649,1,1,0
775000,949,2,2,0
607500,549,1,1,0
53000,0,0,0,1
680000,749,2,2,1
590000,549,1,1,0
2166800,1699,3,3,2
673400,749,2,2,0
665800,749,1,1,1
505000,649,1,1,0
493000,549,1,1,0
540000,249,0,1,1
470000,549,1,1,0
975000,949,3,2,1
686850,649,1,1,0
480000,549,0,1,0
612500,549,1,1,0
577000,549,1,1,0
527500,549,1,1,0
910000,949,2,2,1
633000,649,1,1,1
440000,249,0,1,0
515000,549,1,1,0
642000,749,1,1,1
640000,549,1,1,0
580800,549,1,1,0
719900,749,1,2,1
552000,549,1,1,0
919110,849,1,1,1
560000,549,1,1,1
465000,249,0,1,0
510000,749,1,1,0
672000,749,1,1,1
575088,549,1,1,1
543000,549,1,1,1
507500,249,1,1,0
720000,649,1,1,1
429000,549,0,1,0
635000,649,1,1,0
600000,549,1,1,1
1328000,1299,2,2,2
699900,849,1,1,1
609900,549,1,1,1
486500,549,1,1,1
623000,549,1,1,1
1190000,949,2,2,1
608000,549,1,1,0
550000,549,1,1,0
645000,649,1,1,1
611000,549,1,1,1
430000,249,0,1,0
450000,549,1,1,0
1185000,1299,3,3,1
794000,949,2,2,1
556000,749,1,1,1
570000,649,1,1,0
879000,849,2,2,1
593000,549,1,1,0
537000,549,1,1,0
707000,649,1,1,1
823000,849,1,2,1
1345000,1299,3,2,1
585000,549,1,1,0
780000,749,2,2,1
608800,649,1,1,1
495000,649,1,1,0
712228,849,1,1,1
631000,749,1,1,1
870000,1099,2,2,1
772000,1099,2,2,1
32500,0,0,0,1
690100,549,1,1,0
675000,649,1,1,1
552000,549,1,1,1
610000,649,1,1,1
1025000,1299,2,2,1
776000,749,1,2,1
545000,649,1,1,1
535000,549,1,1,0
775000,849,2,2,1
530000,249,1,1,0
1735000,1699,2,2,1
820000,849,2,1,1
625000,749,1,1,0
645000,649,1,1,1
630000,849,1,1,0
810000,949,2,2,1
640000,549,1,1,0
690000,849,2,2,1
638000,649,1,1,0
795000,849,2,2,1
632000,549,1,1,0
571500,549,1,1,0
790000,849,2,2,1
730000,949,2,2,1
435000,249,0,1,0
708000,649,2,1,1
731100,849,2,2,1
1190000,949,2,2,1
803000,749,2,2,1
752000,749,2,2,0
720000,749,1,2,0
750000,649,1,1,1
512500,549,1,1,0
655000,649,1,1,1
570000,549,1,1,0
510000,649,1,1,1
555000,549,1,1,0
686000,849,2,2,1
769000,749,2,2,1
712000,649,1,1,1
547000,549,1,1,0
655000,749,1,2,0
698000,649,2,1,1
625000,849,2,1,1
610000,649,1,1,0
555000,549,1,1,1
655000,649,1,1,1
590000,549,1,1,1
507000,549,1,1,0
800000,849,2,2,1
504800,649,1,1,0
670000,749,1,1,1
3250000,2374,2,3,1
2040000,1499,2,2,1
640000,549,1,1,0
570000,849,2,1,0
1041500,949,2,2,1
618000,849,2,1,0
466000,249,1,1,0
1250000,1699,3,2,1
750000,849,2,2,1
779000,849,2,2,1
576000,549,1,1,0
504000,249,1,1,0
560000,649,1,1,0
886000,949,2,2,1
509000,849,1,1,0
581000,549,1,1,0
798000,749,2,1,1
660000,749,1,1,1
650000,749,1,1,1
509000,249,1,1,0
678000,749,1,2,0
869900,849,1,1,1
685000,649,1,1,1
445000,249,1,1,0
528000,549,1,1,1
699000,749,1,2,1
940000,1099,2,2,1
582000,649,1,1,1
888000,949,2,2,1
975000,1299,2,2,1
892000,749,2,2,1
564000,549,1,1,0
565000,549,1,1,0
525000,549,1,1,0
681000,749,1,2,1
681000,649,1,1,1
1048000,1099,2,2,1
635000,649,1,1,0
703500,749,1,2,1
1216400,1099,2,2,1
869000,849,2,2,1
616000,649,1,1,1
1050000,1099,2,2,1
660000,749,1,1,1
762000,749,1,1,1
570000,549,1,1,0
8000,0,0,0,1
628000,549,1,1,1
2050000,1899,2,2,2
1700000,1699,2,2,1
618000,549,1,1,1
728000,849,1,2,0
598000,549,1,1,0
500000,249,0,1,0
598000,649,1,2,1
605000,649,1,1,1
504000,549,1,1,0
873000,949,2,2,1
482000,249,0,1,0
715000,749,2,2,1
680000,949,2,2,0
840500,949,1,2,1
496000,549,1,1,0
543000,649,1,1,0
453000,249,0,1,0
742168,649,1,1,1
690000,649,1,1,0
541000,749,1,1,0
640000,649,1,1,0
556888,549,1,1,0
7500,0,0,0,1
870000,1499,3,3,2
1025000,1299,2,2,1
1025000,1299,2,2,1
535000,649,1,1,1
912500,949,2,2,1
530100,249,1,1,0
649000,649,1,1,1
896000,849,2,2,1
690000,649,1,1,1
798800,1099,2,2,1
1039500,1099,2,2,1
690000,649,2,2,1
660000,749,2,2,1
712000,749,1,1,1
649000,649,1,1,1
1540000,1699,3,3,2
785000,749,2,3,1
991000,1099,3,2,1
700000,749,2,1,1
775000,749,2,2,1
949900,949,2,2,1
530100,549,1,1,0
1250000,1299,3,3,2
932000,1099,3,2,1
982000,1099,3,2,1
1680000,1699,2,2,2
1780000,2124,2,2,2
740000,749,1,1,1
710000,649,1,1,0
460000,249,0,1,0
1049000,1299,2,2,1
735000,749,1,2,1
705500,649,1,1,1
625000,549,1,1,0
641000,749,1,1,1
465000,249,0,1,1
695000,749,2,2,1
449000,249,0,1,0
800000,849,1,1,1
1175000,949,2,2,1
651680,649,1,1,1
957400,1099,3,2,1
569000,649,1,1,1
621000,749,1,1,1
645000,649,1,1,0
490000,249,1,1,0
692000,749,1,1,1
812000,949,2,2,1
640000,749,1,1,0
910000,749,2,2,1
788000,949,2,2,1
1685000,1699,3,2,2
550500,249,1,1,0
1190000,1699,2,2,1
422000,249,0,1,0
785000,949,2,2,1
653500,649,1,1,0
2200000,2124,2,3,2
689900,849,1,2,1
520000,249,1,1,0
551000,549,1,1,1
545000,549,1,1,0
980000,1099,2,2,1
617000,649,1,1,1
550000,249,1,1,0
580000,649,1,1,1
547500,249,1,1,0
640800,549,1,1,1
601000,649,1,1,1
1189000,1499,2,2,1
489500,249,0,1,0
550000,549,1,1,0
625000,849,2,1,1
805000,749,2,2,1
625000,649,1,1,0
590000,649,1,1,0
850000,749,2,2,1
780000,749,2,2,1
1750000,1699,3,3,2
618900,549,1,1,1
682500,749,2,2,1
681000,849,2,2,1
760000,949,2,2,1
1650000,1299,2,2,1
1078600,949,2,2,1
735000,849,2,2,1
573000,549,1,1,0
476000,249,0,1,1
777400,949,2,2,1
990000,1299,2,3,1
443888,249,0,1,0
924200,849,2,2,1
590000,549,1,1,0
873000,1099,2,2,1
795000,1099,2,1,0
595000,749,1,1,0
1150000,1099,2,2,1
592000,749,1,2,1
1210000,1499,2,3,2
485000,549,0,1,1
775000,849,1,1,0
683000,649,1,1,1
575400,649,1,1,0
800000,749,2,2,1
1038500,1099,2,2,1
710000,849,2,2,1
600000,649,1,1,0
699900,649,1,1,0
1145000,1499,2,3,1
505000,249,1,1,0
615000,649,1,1,0
552000,549,1,1,0
549000,849,1,1,0
955000,849,2,2,1
999000,1099,2,1,1
575800,549,1,1,0
1000800,1099,2,2,1
535000,249,1,1,0
744900,749,2,2,1
495000,249,1,1,0
545000,649,1,1,0
540000,549,1,1,0
685000,749,1,1,1
671500,649,1,1,1
940000,949,2,2,1
668000,549,1,1,0
850000,749,2,2,1
580000,749,1,1,0
680000,849,2,2,1
719000,649,1,1,1
620000,649,1,1,0
550000,549,1,1,0
685000,749,1,1,1
1395000,1299,2,2,1
1100000,1099,2,2,1
685000,649,1,1,1
520000,549,1,1,0
726000,749,1,1,1
642000,749,1,2,1
629000,749,1,1,0
2000000,1699,2,3,2
603000,649,1,1,0
2025000,1499,2,2,1
665000,849,1,2,1
799000,749,1,2,1
535500,549,1,1,0
560000,549,1,1,0
503000,549,1,1,0
595000,249,1,1,0
730000,749,2,2,1
468800,249,0,1,0
560500,549,1,1,0
901000,849,2,2,1
540000,649,1,1,0
585000,549,1,1,1
600000,549,1,1,0
473000,249,1,1,0
585000,649,1,1,0
1919500,2124,3,3,1
950000,1099,2,2,1
369900,249,0,1,0
560000,549,1,1,0
675000,549,1,1,0
557000,249,1,1,0
85750,0,0,0,1
635000,649,1,1,0
618000,649,1,1,0
838000,849,2,2,1
570000,849,2,1,0
545000,649,1,1,0
800000,849,2,2,1
600000,549,1,1,0
508000,249,1,1,0
636000,549,1,1,0
798000,649,1,1,1
1003000,1299,3,2,1
630000,649,1,1,0
699000,649,2,1,1
470000,249,1,1,0
980000,949,2,2,1
1410000,949,2,2,0
550000,549,1,1,0
886800,849,3,2,1
430000,249,0,1,0
618000,549,1,1,1
698000,849,1,1,1
868000,749,1,2,1
938800,949,2,2,1
513333,249,1,1,0
676900,649,1,1,0
729000,649,1,1,0
1189000,1299,3,2,1
720800,749,2,1,0
1215000,1299,2,2,1
650000,849,1,1,1
788000,749,2,2,1
855000,949,2,2,1
615000,549,1,1,0
528000,549,1,1,0
690000,649,1,1,1
575000,549,1,1,0
995000,1299,2,2,1
552500,249,1,1,1
647500,649,1,1,0
581000,549,1,1,0
600000,749,1,1,0
1115000,1299,2,3,2
560000,649,1,1,1
671500,649,1,1,1
565000,249,1,1,0
741000,749,1,2,1
626000,549,1,1,0
1480000,1699,3,3,2
630000,549,1,1,0
675000,649,1,1,0
739990,849,2,2,0
505000,549,1,1,0
625000,749,1,1,0
555000,549,1,1,0
686000,649,1,1,1
832000,649,2,2,1
680000,749,1,1,1
825000,749,2,2,0
598888,549,1,1,1
704110,749,1,1,0
802000,1099,2,2,2
840000,949,2,2,1
790000,949,2,2,1
619110,649,1,1,0
675000,649,1,1,1
681000,549,1,1,0
610000,549,1,1,1
734000,949,2,2,1
629000,649,1,1,0
630000,249,1,1,0
549000,649,1,1,0
675000,749,2,2,0
560000,749,1,1,1
460000,249,0,1,0
536000,549,1,1,0
701000,749,2,1,1
928000,849,2,2,1
960000,1299,2,2,1
887000,749,2,2,1
660000,749,2,2,1
512500,549,1,1,0
545000,549,1,1,0
740000,749,1,1,1
2240000,1699,3,3,2
865000,949,2,2,1
650000,649,1,1,1
545000,249,1,1,1
1575000,1499,2,2,1
1175000,1099,2,2,1
675000,749,1,1,0
830000,849,2,2,1
1250000,1099,2,2,1
715000,849,1,1,0
720000,849,2,2,1
545000,249,1,1,0
612000,649,1,1,0
960300,1099,3,2,1
680000,549,1,1,0
789900,749,1,1,1
665000,649,1,1,0
925000,1099,1,2,1
1275000,1299,2,3,1
552000,249,1,1,0
647000,649,1,1,1
545000,249,1,1,0
1100000,1099,2,2,1
423000,249,0,1,0
700000,649,1,1,1
580000,649,1,1,1
635000,549,1,1,2
956666,749,2,2,1
735000,749,1,2,0
593500,549,1,1,1
880000,1099,2,1,1
525000,549,1,1,0
608000,249,1,1,0
980000,849,2,2,1
701000,649,1,1,0
583000,549,1,1,1
589900,749,1,1,1
608000,549,1,1,0
530000,749,1,1,0
690000,749,1,2,0
561000,249,1,1,0
575000,549,1,1,1
568000,249,1,1,0
480000,249,1,1,0
613000,649,1,1,0
580000,749,1,2,0
610000,649,1,1,0
685000,749,1,1,1
1295000,1499,2,3,1
480000,249,0,1,0
708000,849,1,1,0
629900,749,1,1,1
488000,249,1,1,0
440000,249,0,1,0
905000,749,2,2,1
561500,849,1,1,1
785000,849,2,2,1
1750000,1699,2,2,2
629900,649,1,1,1
884000,1099,2,2,1
536289,549,1,1,0
560000,549,1,1,0
608000,749,1,1,0
650000,549,1,1,0
995000,1099,2,2,1
560000,649,1,1,0
515000,249,1,1,0
720000,549,1,1,1
675101,549,1,1,1
465000,249,0,1,0
515000,549,1,1,0
930000,649,2,2,1
609000,549,1,1,1
440000,249,0,1,0
35000,249,0,0,1
805000,849,2,2,1
546000,549,1,1,0
600000,749,1,1,1
665000,749,1,2,1
670500,649,1,1,1
699900,849,2,1,0
1230000,1299,2,2,2
635000,549,1,1,0
660000,549,1,1,0
592500,849,1,1,1
583000,799,1,1,1
615000,549,1,1,0
640000,649,1,1,1
660000,649,1,1,1
546500,549,1,1,1
530000,649,1,1,0
610000,649,1,1,1
600000,649,1,1,1
599000,649,1,1,0
525000,549,1,1,0
980000,1099,2,2,1
975888,849,2,2,1
950000,749,2,2,1
628000,649,1,1,0
645000,649,1,1,1
613500,1099,1,1,1
580000,549,1,1,1
790000,849,2,2,1
830000,849,2,2,1
760000,649,1,1,1
580000,649,1,1,1
560000,549,1,1,0
650000,649,1,1,1
527000,249,1,1,0
1080000,849,3,2,1
1080000,849,3,2,1
765000,1099,1,1,1
615000,549,1,1,0
560000,549,1,1,0
689000,749,1,1,1
740000,649,2,1,0
1124000,1299,2,3,1
1055000,949,2,2,1
730000,749,2,2,1
670000,649,1,1,0
615000,549,1,1,0
632000,649,1,1,0
593000,549,1,1,0
532000,249,1,1,0
730000,849,2,2,1
630000,649,1,1,0
951811,849,1,2,1
879000,1299,2,2,1
676000,649,1,1,1
800000,649,1,1,1
565000,549,1,1,0
990000,1099,1,2,1
539999,249,1,1,0
670000,649,1,1,1
460000,249,0,1,0
700000,649,1,1,0
595000,549,1,1,1
870000,649,2,2,1
530000,649,1,1,0
548000,649,1,1,0
645000,649,1,1,1
536000,549,1,1,0
650000,749,1,1,0
612000,649,1,1,1
670000,549,1,1,1
640000,649,1,1,1
1125000,949,2,2,1
588000,749,1,1,1
799000,749,2,2,1
632000,649,2,2,1
553000,549,1,1,0
525000,549,1,1,0
562000,649,1,1,0
480000,249,1,1,0
539000,549,1,1,0
432000,249,0,1,0
849800,749,2,2,1
678000,549,1,1,1
492000,249,0,1,0
694000,649,1,1,0
525000,549,1,1,0
541888,549,1,1,0
1250000,1099,2,2,1
570000,649,1,1,1
540000,249,1,1,0
449000,249,0,1,0
515000,549,1,1,0
635000,549,1,1,0
880000,749,1,1,1
755000,849,1,2,1
436500,249,0,1,0
711000,849,2,2,1
620000,549,1,1,1
797000,949,2,2,1
579000,549,1,1,0
408000,249,0,1,0
653800,649,1,1,0
652000,749,1,1,1
1370000,1299,3,3,1
529900,549,1,1,0
600000,749,1,1,1
552000,249,1,1,0
555800,249,1,1,0
678000,749,1,1,1
820950,949,2,2,1
770000,749,1,2,1
485000,249,0,1,0
615000,549,1,1,0
880000,1099,2,2,1
899000,949,1,2,1
690000,649,1,2,2
739900,649,1,1,0
568000,649,1,1,0
650000,649,1,1,1
575000,849,1,1,1
775000,849,2,2,1
588900,749,1,1,1
800150,749,2,2,1
753000,749,1,2,1
1205000,1099,3,2,1
475000,249,0,1,0
609900,749,1,1,0
510000,549,1,1,0
625000,849,2,2,1
590000,649,1,1,0
560000,649,1,1,0
525000,249,1,1,0
1000000,1299,2,2,1
706000,749,1,1,0
625000,549,1,1,1
595000,649,1,1,1
832000,949,2,2,1
1015000,1299,3,2,1
542000,549,1,1,0
525000,249,1,1,0
750000,849,2,2,1
600000,549,1,1,1
750000,849,1,1,1
830000,949,2,4,1
635000,649,1,1,0
1060000,1099,3,2,1
537000,549,1,1,1
780000,849,1,2,1
695000,749,1,1,0
792500,849,2,2,1
572000,549,1,1,1
799000,849,2,2,1
625000,749,1,1,1
1018000,849,2,2,1
660000,549,1,1,0
638000,649,1,1,1
525000,549,1,1,0
975000,849,2,2,1
480000,549,1,1,0
667700,849,1,1,1
673000,849,1,1,1
805000,749,1,1,1
725000,649,1,1,0
540000,249,1,1,0
710000,649,1,1,0
615000,549,1,1,0
586000,549,1,1,0
760000,749,2,1,1
547000,549,1,1,0
470000,249,0,1,0
620000,649,1,1,1
630000,649,1,1,0
476500,249,0,1,0
610000,849,1,2,0
990000,749,2,2,1
885000,849,1,1,1
645000,749,1,1,0
640000,649,1,1,1
538000,549,1,1,0
627500,649,1,1,0
580000,649,1,1,0
585000,649,1,1,1
950000,849,3,2,1
935000,1099,2,2,1
680000,549,1,1,1
983000,949,2,2,1
617000,749,1,1,1
720000,649,1,1,1
620000,749,1,1,0
580000,649,1,1,0
560000,249,1,1,0
900000,749,2,2,1
968000,1099,2,2,1
618000,649,1,1,1
632000,649,1,1,1
580000,549,1,1,0
590501,249,1,1,0
730000,749,1,1,1
799000,849,2,2,1
602000,649,1,1,0
1100000,1099,2,2,1
1150000,1099,2,2,1
1035000,1299,2,2,1
525000,249,0,1,0
578000,649,1,1,1
908000,1099,2,2,1
670000,549,1,1,1
825000,849,2,2,1
641000,549,1,1,0
854000,849,2,2,1
588000,549,1,1,0
1450000,1299,3,2,2
735000,749,1,1,1
772000,749,1,1,1
650000,549,1,1,1
575000,549,1,1,0
1755000,1699,3,2,2
495500,249,0,1,0
602500,649,1,1,0
589900,649,1,1,1
580000,549,1,1,0
759900,949,2,2,0
542000,549,1,1,0
720100,649,1,1,1
630000,649,1,1,0
760000,749,2,2,0
1430000,1299,3,2,1
580000,549,1,1,1
815000,849,2,2,1
497000,549,0,1,0
595000,549,1,1,1
719900,649,1,1,1
569000,549,1,1,0
800000,849,2,2,1
665000,649,1,1,0
695000,749,1,1,1
678000,749,1,1,1
557500,549,1,1,0
810000,849,2,2,1
611000,549,1,1,0
556500,249,1,1,1
535000,649,1,1,0
595000,649,1,1,0
715000,749,1,1,100
875000,749,2,2,1
600000,649,1,1,0
563000,249,1,1,0
549000,549,1,1,0
1150000,1299,2,2,1
641000,549,1,1,0
507500,249,1,1,0
852000,849,2,2,1
715000,749,1,2,1
997000,1299,2,2,1
650000,649,1,1,1
750000,749,1,1,1
2845000,2124,2,3,3
900000,849,2,2,1
986000,749,3,2,1
610000,649,1,1,1
526000,649,1,1,1
522800,249,1,1,0
565000,549,1,1,0
650000,749,1,1,1
650000,649,1,1,0
1200000,849,2,2,1
562900,549,1,1,0
880000,749,2,2,1
627000,649,1,1,1
457500,249,0,1,0
84500,0,0,0,1
535000,649,1,1,0
588000,749,2,1,1
920000,849,2,2,1
678000,649,1,1,1
1579000,1699,2,2,2
590000,549,1,1,0
618000,549,1,1,0
570000,549,1,1,0
649000,649,1,1,1
758000,949,2,2,1
967000,949,2,2,1
1100000,849,2,2,1
664000,649,1,1,1
870000,849,2,2,1
780000,1099,2,2,1
605500,649,1,1,1
727000,749,2,2,0
635000,649,1,1,1
450000,249,0,1,0
944000,1099,2,2,1
525000,249,1,1,0
715000,949,1,1,1
633000,749,1,1,1
820000,749,2,2,1
665000,749,1,1,1
980000,749,3,2,1
738000,849,2,2,1
485000,249,1,1,0
610000,549,1,1,0
689999,649,1,1,1
647000,549,1,1,0
1335000,1499,2,3,2
872000,849,2,2,1
840000,949,2,2,1
623500,649,1,1,1
980000,1099,2,2,1
485000,249,1,1,0
595000,649,1,1,1
788800,849,2,2,1
600000,749,1,1,1
770000,949,2,2,1
623000,549,1,1,0
1200000,1299,2,2,1
770000,749,1,2,0
702000,649,1,1,1
780000,749,1,1,1
605000,749,1,1,1
682000,949,2,2,0
818000,849,2,2,1
635000,549,1,1,0
875000,749,2,2,1
639000,749,1,1,1
685000,749,2,1,1
671000,649,1,1,1
1170000,1299,2,3,1
689900,649,1,1,1
475000,249,0,1,0
669000,749,1,1,1
1360000,1299,1,2,1
767000,649,2,1,1
598000,549,1,1,0
708000,849,2,2,1
705000,649,1,1,1
560000,649,1,1,0
752000,1099,1,1,1
750000,849,1,2,1
1099000,1099,2,2,1
588000,549,1,1,0
617000,249,1,1,1
1300000,1099,2,2,1
699999,649,1,1,0
564000,649,1,1,0
925000,1099,2,2,1
774000,749,1,2,0
601798,549,1,1,0
589000,649,1,1,1
519000,249,1,1,0
959000,849,2,2,0
926500,849,2,2,1
910000,1099,3,2,1
562500,249,1,1,0
690000,649,1,1,1
588000,549,1,1,0
590000,549,1,1,1
645000,549,1,1,1
818000,849,2,2,1
555000,549,1,1,0
990000,1099,3,2,1
790000,849,2,2,1
638000,549,1,1,0
1150000,1099,2,2,1
650000,549,1,1,0
640000,649,1,2,1
753000,849,2,2,1
840000,649,1,1,0
475000,249,0,1,0
715000,749,2,1,1
686000,649,1,1,1
599000,549,1,1,0
582000,549,1,1,0
640000,749,1,2,0
481318,249,1,1,0
668000,649,1,1,0
1095000,849,2,2,1
508852,249,0,1,0
955000,1099,2,2,1
560990,549,1,1,1
835000,649,2,2,1
928000,849,2,2,2
539000,549,1,1,0
740000,749,2,1,1
605000,649,1,1,1
679000,649,1,1,1
2950,949,1,1,1
815000,649,1,1,0
830000,749,2,2,0
620000,749,1,1,1
565000,649,1,1,0
620000,649,1,2,0
825000,849,2,2,1
465000,249,0,1,0
660666,749,1,2,1
613000,649,1,1,1
693000,749,1,1,1
565000,649,1,1,1
825000,849,1,2,1
505000,549,1,1,0
540000,649,1,1,0
617200,649,1,1,0
725000,649,1,1,1
675000,549,1,1,0
850000,949,3,2,1
945000,1099,2,2,1
842000,649,1,1,1
680000,649,1,1,1
899000,849,2,2,1
895000,849,2,2,1
559500,649,1,1,0
515000,249,1,1,0
595000,549,1,1,0
605000,549,1,1,0
725000,749,1,1,1
950000,949,3,2,1
765000,849,2,2,1
585000,549,1,1,0
69100,0,0,0,1
807100,649,1,2,1
728000,549,1,1,0
585000,649,1,1,0
635000,549,1,1,0
775000,849,1,2,1
810000,749,2,2,1
530000,249,1,1,0
920000,849,3,2,1
1202000,1099,3,2,1
785000,949,2,2,1
538000,249,1,1,0
740000,649,2,1,1
645000,749,2,1,1
818888,1099,2,2,1
663000,649,1,1,1
608000,749,1,1,0
738000,749,2,2,1
737000,649,1,1,1
2470000,1499,2,2,2
745000,649,1,1,1
800000,949,2,2,1
600000,649,1,1,1
820000,849,2,2,1
570000,549,1,1,0
625000,649,1,1,1
790000,1299,2,2,1
615888,649,1,1,0
520000,549,1,1,0
1045000,849,2,2,1
630000,249,1,1,0
1399999,1099,1,2,1
720000,849,2,2,1
612000,649,1,1,1
785000,549,1,1,0
1060000,1299,2,2,1
578000,649,1,1,0
460000,249,0,1,0
495000,249,0,1,0
605000,549,1,1,0
630000,649,1,1,1
980000,849,2,2,1
1200000,949,2,2,1
1425000,1099,2,2,2
1385000,1299,2,3,1
691000,649,1,1,1
1080000,1099,2,2,1
657000,549,1,1,0
827000,849,2,2,1
852500,949,2,2,1
585000,649,1,1,1
605800,649,1,1,1
578000,549,1,1,0
571800,549,1,1,0
589778,549,1,1,0
592000,649,1,1,1
750000,749,1,1,1
620000,549,1,1,0
618000,549,1,1,0
1160000,1099,2,2,1
595000,649,1,1,1
744000,849,1,1,1
529000,649,1,1,0
699900,649,1,1,0
702800,649,1,1,0
595000,249,1,1,0
618000,549,1,1,1
575000,549,1,1,0
859000,849,2,2,1
580000,549,1,1,0
740000,949,2,2,1
460000,249,0,1,0
678000,849,1,1,0
540000,549,1,1,0
770000,749,2,2,1
940000,1099,3,2,1
545000,549,1,1,0
774999,749,2,2,1
545000,549,1,1,0
923000,849,2,2,1
630000,649,1,1,0
630000,649,1,1,1
630000,649,1,1,0
740000,649,1,1,1
812000,749,2,2,1
490000,249,0,1,0
673000,749,2,2,0
689000,649,1,1,2
615000,549,1,1,1
708512,549,1,1,1
520000,649,1,1,0
615000,649,1,1,1
922000,849,3,2,1
680000,749,1,1,1
410000,249,0,1,0
420000,249,0,1,0
595000,549,1,1,1
773000,749,1,2,1
1004987,949,2,2,1
1300000,1299,2,2,1
1380000,1699,2,3,1
584000,649,1,1,1
541000,649,1,1,0
995000,749,3,2,1
600000,649,1,1,0
980000,1099,1,2,2
887000,1099,2,2,1
1069000,949,2,2,1
563000,549,1,1,0
605000,649,1,1,0
637000,749,2,1,0
530000,549,1,1,0
545000,549,1,1,0
626000,649,1,1,0
780000,749,2,2,1
593800,549,1,1,0
1649000,1699,3,3,1
535000,549,1,1,0
734900,749,2,2,1
559000,249,1,1,1
1230000,1299,2,2,1
615500,649,1,1,1
557000,549,1,1,0
700000,749,2,2,1
740000,749,2,1,1
675000,649,1,1,1
635000,649,1,1,1
530000,549,1,1,0
639000,249,1,1,0
835000,949,2,2,1
684000,849,1,2,1
736000,849,2,2,1
910000,749,2,2,1
538000,249,0,1,0
806270,749,1,1,1
1115000,849,2,2,1
760000,849,2,2,1
1030000,1099,3,2,0
875000,849,3,2,0
680500,649,1,1,1
988000,1499,2,2,1
620000,649,1,1,1
620000,649,1,1,1
711000,749,1,1,1
740000,749,2,1,1
605000,649,1,1,1
3425000,2624,3,4,2
578000,649,1,1,1
770000,849,2,2,1
800000,749,1,2,1
1168880,1099,2,2,1
717000,749,1,1,0
803000,949,2,2,0
622000,549,1,1,0
662000,549,1,1,0
535000,549,1,1,0
536000,549,1,1,0
1200000,1099,2,2,1
825000,849,1,1,1
515000,249,1,1,0
655000,649,1,1,0
595000,649,1,1,0
1050000,949,2,2,1
550000,249,1,1,0
552000,549,1,1,0
625000,649,1,1,0
475000,249,0,1,0
574000,649,1,1,0
750000,649,1,1,1
630000,549,1,1,0
675000,549,1,1,0
840000,849,2,1,0
583500,749,1,1,1
628000,749,1,1,0
821000,949,2,2,1
705000,649,1,1,1
1015000,949,2,2,1
820000,749,2,2,0
1150000,949,2,2,1
1620000,1299,3,2,1
729000,749,2,2,1
751000,649,1,1,1
562000,549,1,1,0
839000,1299,2,2,1
625000,649,1,1,1
620000,549,1,1,0
938000,849,2,2,1
727000,649,1,1,1
573000,549,1,1,0
560000,549,1,1,0
580000,649,1,1,0
720000,649,1,1,1
1160000,1099,2,2,1
635800,649,1,1,1
472500,249,0,1,0
749000,649,1,1,1
550000,249,1,1,0
443750,249,0,1,0
606000,549,1,1,0
610000,649,1,1,0
565000,549,1,1,1
828000,849,2,2,1
665735,749,1,1,1
650000,649,1,1,1
1062500,1099,2,3,1
839900,949,2,2,1
652000,649,1,1,1
698000,649,1,1,1
827000,849,2,2,1
576588,649,1,1,0
618000,649,1,1,1
685500,749,1,2,0
612000,549,1,1,1
595000,649,1,1,0
540000,549,1,1,0
678000,649,1,1,1
732000,649,1,1,0
1150000,1299,2,2,1
816000,849,2,2,1
578000,649,1,1,0
708000,649,1,1,1
803000,749,2,2,1
860000,849,2,2,1
829900,849,2,2,1
695000,749,2,1,1
940000,849,2,2,1
639900,649,1,1,1
728000,649,1,1,0
680000,749,1,2,1
985000,1099,2,2,1
745000,849,2,2,1
566000,549,1,1,0
650000,549,1,1,0
3230000,2374,2,3,2
540000,549,1,1,1
622000,649,1,1,0
475000,249,1,1,0
1230000,1099,3,2,1
799900,949,2,1,1
825000,749,1,2,1
770000,849,2,2,1
2125000,1699,1,2,1
1935000,2124,3,3,1
645000,549,1,1,0
1900000,2374,2,4,2
533000,249,1,1,0
712000,849,1,1,0
451000,249,0,1,0
970000,749,2,2,1
430000,249,0,1,0
523200,249,1,1,0
707000,749,1,1,1
555000,649,1,1,1
883000,749,2,2,1
688000,649,1,1,1
845000,849,2,2,1
918000,949,2,1,1
585000,649,1,1,1
1055000,1099,2,2,1
655000,549,1,1,0
476000,249,1,1,0
560000,549,1,1,0
640000,249,1,1,0
760000,749,2,2,1
1000000,949,1,2,1
970000,1099,2,2,1
630000,649,1,1,1
490000,249,0,1,0
690000,649,1,1,1
545000,249,1,1,0
899900,749,2,2,1
690000,749,1,2,1
570000,249,1,1,0
570000,849,1,1,1
480000,249,0,1,0
1250000,1499,2,2,1
935000,1099,2,2,2
575000,549,1,1,0
1160000,1499,2,2,1
785000,849,1,2,1
484900,249,1,1,0
694000,649,1,1,0
570000,549,1,1,0
1063500,1499,2,2,1
562000,249,1,1,0
560000,549,1,1,1
568000,549,1,1,0
635000,549,1,1,0
643725,849,1,1,1
830000,749,2,2,1
1420000,949,2,2,2
470000,249,0,1,0
885000,849,2,2,1
750000,749,2,2,1
627000,549,1,1,1
593000,549,1,1,0
635000,649,1,1,1
1670000,1499,2,2,1
830000,649,1,1,0
622500,649,1,1,1
627000,649,1,1,1
676500,649,1,1,1
1155000,1099,2,2,1
760000,749,2,2,1
530000,249,1,1,0
625000,749,1,1,1
900000,1099,2,2,0
587000,649,1,1,0
1125000,1499,1,2,1
595200,549,1,1,0
612000,649,1,1,1
890000,949,2,2,1
570500,249,1,1,0
645000,649,1,1,1
640000,849,1,1,0
655000,649,1,1,1
670000,749,2,1,0
570000,749,1,1,0
840000,949,2,2,1
925900,1099,2,2,1
975000,1299,2,2,1
760000,849,2,2,1
600000,749,1,2,1
850000,949,1,2,1
675000,649,1,1,0
650000,649,1,1,1
570000,249,1,1,0
925000,949,2,2,1
640000,649,1,1,1
830000,649,1,1,0
777000,1099,2,2,1
1325000,1299,2,2,1
459000,249,0,1,0
615000,649,1,1,1
565800,549,1,1,0
650000,549,1,1,0
475000,249,0,1,0
620000,749,1,1,1
935000,949,2,2,0
764000,949,1,1,1
605000,549,1,1,0
618000,649,2,1,1
870000,949,2,2,1
685000,749,1,1,1
632800,649,1,2,0
1341000,1299,2,3,2
533000,549,1,1,0
420000,249,0,1,0
1020000,1299,2,2,1
650000,549,1,1,0
660000,649,1,1,1
850000,849,2,2,1
535000,249,0,1,0
740000,849,2,2,1
690000,649,1,1,1
625000,649,1,1,1
1380000,1099,2,2,1
658900,649,1,1,0
960000,1099,2,2,1
2050000,2374,3,3,2
720000,749,1,1,1
615000,649,1,1,1
1000000,949,2,2,1
750000,849,2,1,1
838000,849,2,2,1
949000,749,2,2,1
525000,549,1,1,0
643000,649,1,2,1
999999,949,2,2,1
938000,1099,2,2,1
1050000,849,3,2,1
840000,949,1,2,1
628000,549,1,1,1
665000,549,1,1,0
615000,649,1,1,1
524000,549,1,1,0
480000,249,1,1,0
649000,649,1,1,1
509000,649,1,1,0
815000,749,2,2,1
605000,649,1,1,0
765000,849,1,1,1
925000,1099,2,2,1
720000,849,2,2,2
950000,949,2,2,1
527500,549,1,1,0
995000,949,3,2,1
807500,949,2,2,1
667000,649,1,1,1
1100000,1099,2,2,1
710000,649,1,1,1
1222000,1299,2,2,1
844000,849,2,2,1
615000,549,1,1,0
546000,549,1,1,1
844888,749,2,2,1
660000,649,1,1,1
739000,649,1,1,1
588888,249,1,1,0
860900,1099,1,1,1
655000,649,1,1,1
890000,949,2,2,1
1380000,1499,2,3,1
582000,549,1,1,0
595000,649,1,1,1
582000,649,1,1,1
679900,649,1,1,0
1130000,1299,2,2,1
665000,749,1,1,1
475000,249,0,1,0
625000,649,1,1,0
700200,749,2,1,1
600000,649,1,1,1
2740000,2874,2,3,2
680000,649,1,1,1
563000,549,1,1,0
1090000,1499,2,2,1
861000,749,2,2,1
1770000,1499,2,3,2
620000,549,1,1,1
63500,0,0,0,1
599000,549,1,1,0
595000,549,1,1,1
803000,1099,2,2,1
925000,849,2,2,1
439000,249,0,1,0
565000,549,1,1,0
608000,649,1,1,0
465000,249,0,1,0
1100000,949,2,2,1
725000,649,1,1,1
530500,249,1,1,1
507000,249,1,1,0
680000,749,1,1,1
755000,749,1,1,1
625000,649,1,1,0
865000,749,2,2,1
625000,549,1,1,0
490500,249,1,1,0
720000,749,1,1,1
765000,849,2,2,1
880000,749,2,2,1
720000,749,1,1,0
605000,649,1,1,1
780000,749,2,2,0
640000,249,1,1,0
728000,649,1,1,1
635000,549,1,1,0
975000,1099,2,2,1
1160000,1099,2,2,1
870000,849,2,2,1
886300,949,2,2,1
760000,749,1,1,1
1070000,1099,2,2,1
865100,749,2,2,1
590000,649,1,1,0
850000,749,1,2,1
639800,249,1,1,0
799900,749,2,1,1
650000,749,1,1,0
680000,649,1,1,0
575000,649,1,1,0
641000,649,1,1,0
850000,949,2,2,1
860000,749,2,2,1
499000,249,1,1,0
1028000,949,2,2,1
590000,249,1,1,1
591000,549,1,1,1
799900,749,2,2,1
631500,649,2,1,0
487250,249,1,1,0
989018,1099,2,2,1
752500,749,2,2,1
754000,1099,1,1,1
1264000,1299,2,2,1
775000,749,2,2,1
731500,649,1,1,0
601000,849,2,1,0
633600,749,1,1,1
800000,949,2,2,1
415000,249,0,1,0
785000,849,2,2,1
765000,649,1,1,1
713000,649,1,1,1
1065000,1099,2,2,1
542500,549,1,1,0
845000,849,2,2,1
508000,249,0,1,0
623000,649,1,1,1
698000,649,1,1,1
650200,549,1,1,1
1100000,1299,2,3,1
641000,549,1,1,1
696000,649,1,2,2
1200000,1499,2,2,1
641000,749,1,1,1
1460000,1299,3,2,1
422000,249,0,1,0
585000,549,1,1,1
675000,649,1,1,0
615786,549,1,1,1
675000,649,1,2,1
955000,949,2,2,1
865000,949,1,2,1
680300,749,1,1,1
606000,649,1,1,1
565000,649,1,1,1
765000,649,1,1,1
572000,549,1,1,0
550000,549,1,1,0
700000,749,1,1,0
530000,649,1,1,0
565000,549,1,1,0
855000,949,2,2,1
590000,549,1,1,0
960000,1299,2,2,1
636000,649,1,1,1
56500,0,0,0,1
587000,649,1,1,0
650000,549,1,1,0
776000,749,1,1,1
650000,549,1,1,0
544000,549,1,1,0
539000,249,1,1,0
670000,649,1,1,1
538000,649,1,1,0
1726235,1499,2,2,1
955000,1099,2,2,1
660000,649,1,1,0
643000,549,1,1,0
655000,649,1,1,1
850000,849,1,2,1
578000,549,1,1,0
657000,549,1,1,1
1550000,2124,3,3,1
840000,949,1,2,1
499000,249,0,1,0
765000,649,2,1,0
870000,949,1,2,1
560000,849,1,1,0
825000,749,2,2,1
617000,649,1,1,1
670000,749,1,1,0
645000,649,1,1,0
762500,949,1,2,1
682000,549,1,1,0
535000,649,1,1,0
859000,1099,2,2,1
950000,749,3,2,1
1255000,1299,2,2,2
571000,649,1,1,0
847000,749,2,2,1
1083000,1099,2,3,1
587000,549,1,1,0
667800,649,1,1,1
610000,549,1,1,1
850000,749,2,2,1
900000,749,2,2,1
675000,549,1,1,1
574000,249,1,1,0
640100,649,1,1,1
634100,649,1,1,1
570000,749,1,1,0
620000,249,1,1,0
561000,249,1,1,0
750000,749,1,1,1
725000,749,1,1,1
680000,549,1,1,1
660000,549,1,1,0
740000,649,1,1,0
825000,849,2,2,1
755000,849,2,2,1
712200,649,1,1,0
582000,549,1,1,0
890000,1099,2,2,1
750000,849,2,2,0
765000,649,1,1,1
561000,549,1,1,1
768000,749,2,2,1
590000,849,1,1,1
3303000,2374,2,3,2
562000,549,1,1,0
658000,649,1,1,1
685000,649,2,2,0
669000,649,1,1,0
1065000,949,2,2,1
569000,549,1,1,1
665000,649,1,2,1
825000,849,2,2,1
930000,749,2,2,1
1206500,949,2,2,1
1730000,1299,2,2,2
799500,749,2,2,1
740000,749,1,2,1
625000,249,1,1,1
660000,549,1,1,0
810000,849,3,2,0
510000,249,1,1,0
721500,749,2,2,1
848000,1099,2,2,1
1090000,1099,3,2,1
856000,949,2,2,1
630000,749,1,1,0
1087000,1099,2,2,1
670000,549,1,1,0
575000,549,1,1,0
740000,849,2,2,1
796000,749,2,2,1
485000,249,0,1,0
531000,249,0,1,0
647000,649,1,1,0
590000,649,1,1,1
548000,549,1,1,0
657000,549,1,1,1
650000,749,1,1,1
605000,549,1,1,0
730000,649,1,1,0
1065000,1299,2,2,1
666000,549,1,1,0
675000,549,1,1,0
670000,649,1,1,1
790000,949,2,1,1
560000,249,1,1,0
648000,649,1,1,1
1170000,1099,3,2,0
715000,649,1,1,0
1340000,1299,3,2,1
600000,549,1,1,0
559000,249,1,1,0
1015000,949,2,2,1
665000,749,1,1,0
585000,549,1,1,0
680000,749,1,1,1
975000,1099,2,2,1
890000,849,2,2,1
752000,749,1,1,1
620000,549,1,1,0
675000,649,1,1,0
780000,749,1,2,1
585000,549,1,1,0
670000,649,1,1,0
624000,649,1,1,1
565000,249,1,1,0
785000,749,2,2,0
597500,549,1,1,1
1175000,1299,3,2,1
769000,749,2,1,0
565000,249,1,1,0
674000,649,1,1,0
1275000,1299,2,2,1
627000,649,1,1,1
1815000,1299,3,3,0
720000,949,2,2,0
1125000,1299,2,2,2
866000,949,2,2,1
5500,0,0,0,1
850000,849,2,2,1
814000,749,2,2,1
840000,749,2,2,1
612500,249,1,1,0
640000,549,1,1,1
678000,849,1,1,1
770000,749,1,1,1
719000,749,1,1,0
473000,249,0,1,0
749900,649,1,1,1
976000,749,2,2,1
770000,849,2,2,1
656000,749,2,2,1
